Broad;Narrow
Humanities;Archaeology and Conservation
Humanities;Art History
Humanities;Art, Design and Architecture
Humanities;Asia Middle East and North African Studies
Humanities;Classical Studies
Humanities;English Studies
Humanities;Ethnology
Humanities;Germanic Studies
Humanities;History and History of Ideas
Humanities;Interdisciplinary Humanities
Humanities;Linguistics
Humanities;Literature
Humanities;Media and Communication
Humanities;Musicology
Humanities;Philosophy
Humanities;Romance Studies
Humanities;Scandinavian Studies
Humanities;Slavonic Studies
Humanities;Theatre and Drama
Humanities;Theology and religion
Social Science;Anthropology
Social Science;Business and Finance
Social Science;Economics
Social Science;Education and Educational Research
Social Science;Gender Studies
Social Science;Geography
Social Science;Interdisciplinary Social Sciences
Social Science;Law
Social Science;Library and Information Science
Social Science;Political Science
Social Science;Social Work
Social Science;Sociology
Health Sciences;Anaesthesia, Emergency and Intensive Care
Health Sciences;Biomedicine
Health Sciences;Cardiovascular and Respiratory Systems
Health Sciences;Dentistry
Health Sciences;Dermatology and Venerology
Health Sciences;Endocrinology
Health Sciences;Gastroenterology and Hepatology
Health Sciences;General Medicine
Health Sciences;Geriatrics
Health Sciences;Gynecology and Obstetrics
Health Sciences;Haematology
Health Sciences;Infectious Diseases
Health Sciences;Nephrology
Health Sciences;Neurology
Health Sciences;Nursing
Health Sciences;Nutrition
Health Sciences;Oncology
Health Sciences;Ophthalmology
Health Sciences;Otorhinolaryngology
Health Sciences;Pediatrics
Health Sciences;Pharmacology and Toxicology
Health Sciences;Psychiatry
Health Sciences;Psychology
Health Sciences;Public, Environmental and Occupational Health
Health Sciences;Radiology, Nuclear Medicine and Medical Imaging
Health Sciences;Rehabilitation, Physiotherapy, Ergotherapy and Orthopedic Engineering
Health Sciences;Rheumatology
Health Sciences;Sport Sciences
Health Sciences;Surgical Sciences
Health Sciences;Veterinary Medicine
Natural Sciences and Engineering;Biosciences
Natural Sciences and Engineering;Chemistry and Materials Technology
Natural Sciences and Engineering;Construction Engineering
Natural Sciences and Engineering;Electrical Engineering
Natural Sciences and Engineering;Energy
Natural Sciences and Engineering;Geosciences
Natural Sciences and Engineering;ICT
Natural Sciences and Engineering;Interdisciplinary Natural Sciences
Natural Sciences and Engineering;Interdisciplinary Technology
Natural Sciences and Engineering;Mathematics
Natural Sciences and Engineering;Physics
