id,title,author,pub_date,issue,volume,venue,type,page,publisher,editor
doi:10.1051/0004-6361/202243353 openalex:W4283703701 omid:br/061303472734,Disentangling Emission From Star-Forming Regions In The Magellanic Clouds: Linking [O Iii]Î88 Îm And 24 Îm,"Lambert-Huyghe, A. [omid:ra/061309477919]; Madden, S. C. [omid:ra/061309477920]; Lebouteiller, V. [omid:ra/061309477921]; Galliano, F. [omid:ra/061309477922]; Abel, N. [omid:ra/061309477923]; Hu, D. [omid:ra/061309477924]; Ramambason, L. [omid:ra/061309477925]; Polles, F. L. [omid:ra/061309477926]",2022-10,,666,Astronomy & Astrophysics [issn:0004-6361 issn:1432-0746 openalex:S205231332 omid:br/064040455],journal article,A112,Edp Sciences [crossref:250 omid:ra/0610116329],
doi:10.1093/mnras/stac1779 openalex:W4283645145 omid:br/06903459968,The ALMA REBELS Survey: Dust Continuum Detections At Z > 6.5,"Inami, H. [orcid:0000-0003-4268-0393 omid:ra/0612010791664]; Algera, Hiddo S B [omid:ra/06909299684]; Schouws, Sander [omid:ra/06909299685]; Sommovigo, L. [orcid:0000-0002-2906-2200 omid:ra/0611011478407]; Bouwens, Rychard [omid:ra/06909299686]; Smit, Renske [omid:ra/06909299687]; Stefanon, Mauro [orcid:0000-0001-7768-5309 omid:ra/0611011478409]; Bowler, Rebecca A A [orcid:0000-0003-3917-1678 omid:ra/061012692077]; Endsley, Ryan [orcid:0000-0003-4564-2771 omid:ra/0611011475259]; Ferrara, Andrea [omid:ra/06909299688]; Oesch, Pascal [omid:ra/06909299689]; Stark, Daniel [omid:ra/06909299690]; Aravena, Manuel [omid:ra/06909299691]; Barrufet, Laia [omid:ra/06909299692]; Da Cunha, Elisabete [orcid:0000-0001-9759-4797 omid:ra/0611011475449]; Dayal, P [orcid:0000-0002-3766-2265 omid:ra/0614010932037]; De Looze, Ilse [orcid:0000-0001-9419-6355 omid:ra/0611011478393]; Fudamoto, Yoshinobu [omid:ra/06909299693]; Gonzalez, Valentino [omid:ra/06909299694]; Graziani, Luca [orcid:0000-0002-9231-1505 omid:ra/0611011478396]; Hodge, Jacqueline A [omid:ra/06909299695]; Hygate, A. P. S. [orcid:0000-0002-6488-471X omid:ra/0612010791663]; Nanayakkara, Themiya [orcid:0000-0003-2804-0648 omid:ra/061021679]; Pallottini, Andrea [orcid:0000-0002-7129-5761 omid:ra/0611011474035]; Riechers, Dominik A [omid:ra/06909299696]; Schneider, Raffaella [orcid:0000-0001-9317-2888 omid:ra/0611011478404]; Topping, Michael [omid:ra/06909299697]; Van Der Werf, Paul [omid:ra/06909299698]",2022-06-28,3,515,Monthly Notices Of The Royal Astronomical Society [doi:10.1111/(issn)1365-2966 issn:0035-8711 issn:1365-2966 openalex:S195663288 omid:br/067041753],journal article,3126-3143,Oxford University Press (Oup) [crossref:286 omid:ra/0610116027],
doi:10.1016/j.drudis.2022.103438 openalex:W4308784336 omid:br/062203523413,Gold Nanoparticles As Antiangiogenic And Antimetastatic Agents,"Zamborlin, Agata [omid:ra/062209491733]; Voliani, Valerio [omid:ra/062209491734]",2023-02,2,28,Drug Discovery Today [issn:1359-6446 issn:1878-5832 openalex:S152068293 omid:br/064061255],journal article,103438,Elsevier Bv [crossref:78 omid:ra/0610116009],
doi:10.1103/physrevd.106.095040 openalex:W4310580581 omid:br/06803959263,"Phenomenology Of Scalar Leptoquarks At The LHC In Explaining The Radiative Neutrino Masses, Muon Gâ2, And Lepton Flavor Violating Observables","Parashar, Snehashis [orcid:0000-0002-0731-4569 omid:ra/068010977858]; Karan, Anirban [omid:ra/068010977859]; Avnish, [orcid:0000-0001-5352-8827 omid:ra/068010977860]; Bandyopadhyay, Priyotosh [orcid:0000-0003-0464-5116 omid:ra/0622080550]; Ghosh, Kirtiman [omid:ra/068010977862]",2022-11-30,9,106,Physical Review D [issn:2470-0010 issn:2470-0029 openalex:S4210238307 omid:br/062509685],journal article,,American Physical Society (Aps) [crossref:16 omid:ra/0610116311],
doi:10.1016/j.nuclphysb.2013.03.004 openalex:W1626531095 omid:br/061502445696,Observations Of Bs0âÏ(2S)Î· And B(s)0âÏ(2S)Ï+Ïâ Decays,"Aaij, R. [omid:ra/061507137702]; Abellan Beteta, C. [omid:ra/061507137703]; Adeva, B. [omid:ra/061507137704]; Adinolfi, M. [omid:ra/061507137705]; Adrover, C. [omid:ra/061507137706]; Affolder, A. [omid:ra/061507137707]; Ajaltouni, Z. [omid:ra/061507137708]; Albrecht, J. [orcid:0000-0001-8636-1621 omid:ra/0611011412216]; Alessio, F. [omid:ra/061507137709]; Alexander, M. [orcid:0000-0002-8148-2392 omid:ra/061023654]; Ali, S. [omid:ra/061507137710]; Alkhazov, G. [omid:ra/061507137711]; Alvarez Cartelle, P. [orcid:0000-0003-1652-2834 omid:ra/0611010916167]; Alves, A. A. [orcid:0000-0003-0073-3231 omid:ra/0611010750664]; Amato, S. [omid:ra/061507137712]; Amerio, S. [omid:ra/061507137713]; Amhis, Y. [omid:ra/061507137714]; Anderlini, L. [omid:ra/061507137715]; Anderson, J. [omid:ra/061507137716]; Andreassen, R. [omid:ra/061507137717]; Appleby, R.B. [omid:ra/061507137718]; Aquines-GutiÃ©rrez, Osvaldo [orcid:0000-0002-4475-2808 omid:ra/0615034858]; Archilli, F. [omid:ra/061507137719]; Artamonov, A. [omid:ra/061507137720]; Artuso, M. [orcid:0000-0002-5991-7273 omid:ra/061010514768]; Aslanides, E. [omid:ra/061507137721]; Auriemma, G. [omid:ra/061507137722]; Bachmann, S. [omid:ra/061507137723]; Back, J.J. [omid:ra/061507137724]; Baesso, C. [omid:ra/061507137725]; Balagura, V. [omid:ra/061507137726]; Baldini, W. [omid:ra/061507137727]; Barlow, R. J. [orcid:0000-0002-8295-8612 omid:ra/0612011191634]; Barschel, C. [omid:ra/061507137728]; Barsuk, S. [omid:ra/061507137729]; Barter, W. [omid:ra/061507137730]; Bauer, Th. [omid:ra/061507137731]; Bay, A. [omid:ra/061507137732]; Beddow, J. [omid:ra/061507137733]; Bedeschi, F. [orcid:0000-0002-8315-2119 omid:ra/061010514845]; Bediaga, I. [omid:ra/061507137734]; Belogurov, S. [omid:ra/061507137735]; Belous, K. [omid:ra/061507137736]; Belyaev, I. [orcid:0000-0002-7458-7030 omid:ra/0612011191653]; Ben-Haim, E. [omid:ra/061507137737]; Benayoun, M. [orcid:0000-0002-5902-7588 omid:ra/061109560500]; Bencivenni, G. [omid:ra/061507137738]; Benson, S. [omid:ra/061507137739]; Benton, J. [omid:ra/061507137740]; Berezhnoy, A. [omid:ra/061507137741]; Bernet, R. [omid:ra/061507137742]; Bettler, M.-O. [omid:ra/061507137743]; Van Beuzekom, M. [omid:ra/061507137744]; Bien, A. [omid:ra/061507137745]; Bifani, S. [orcid:0000-0001-7072-4854 omid:ra/0617035446]; Bird, T. [omid:ra/061507137746]; Bizzeti, A. [omid:ra/061507137747]; BjÃ¸rnstad, P.M. [omid:ra/061507137748]; Blake, T. [omid:ra/061507137749]; Blanc, F. [orcid:0000-0001-5775-3132 omid:ra/0612011191678]; Blouw, J. [omid:ra/061507137750]; Blusk, S. [omid:ra/061507137751]; Bocci, V. [omid:ra/061507137752]; Bondar, A. [omid:ra/061507137753]; Bondar, N. [omid:ra/061507137754]; Bonivento, W. [omid:ra/061507137755]; Borghi, S. [omid:ra/061507137756]; Borgia, A. [omid:ra/061507137757]; Bowcock, T. J. V. [orcid:0000-0002-3505-6915 omid:ra/0612011191696]; Bowen, E. [omid:ra/061507137758]; Bozzi, C. [orcid:0000-0001-6782-3982 omid:ra/0611011412312]; Brambach, T. [omid:ra/061507137759]; Van Den Brand, J. F. J. [orcid:0000-0003-4434-5353 omid:ra/061309512031]; Bressieux, J. [omid:ra/061507137760]; Brett, D. [omid:ra/061507137761]; Britsch, M. [omid:ra/061507137762]; Britton, T. [omid:ra/061507137763]; Brook, N.H. [omid:ra/061507137764]; Brown, H. [omid:ra/061507137765]; Burducea, I. [omid:ra/061507137766]; Bursche, A. [omid:ra/061507137767]; Busetto, G. [omid:ra/061507137768]; Buytaert, J. [omid:ra/061507137769]; Cadeddu, S. [omid:ra/061507137770]; Callot, O. [omid:ra/061507137771]; Calvi, M. [omid:ra/061507137772]; Gomez, M. Calvo [orcid:0000-0001-5588-1448 omid:ra/0612011191722]; Camboni, A. [omid:ra/061507137773]; Campana, P. [omid:ra/061507137774]; Carbone, A. [omid:ra/061507137775]; Carboni, G. [orcid:0000-0003-1128-8276 omid:ra/0611011414210]; Cardinale, R. [orcid:0000-0002-7835-7638 omid:ra/0611011412342]; Cardini, Alessandro [orcid:0000-0002-6649-0298 omid:ra/0611011412343]; Carranza-Mejia, H. [omid:ra/061507137776]; Carson, L. [omid:ra/061507137777]; Akiba, K. [orcid:0000-0002-6736-471X omid:ra/0611011412214]; Casse, G. [omid:ra/061507137778]; Cattaneo, M. [orcid:0000-0001-7707-169X omid:ra/0612011191740]; Cauet, Ch. [omid:ra/061507137779]; Charles, M. [omid:ra/061507137780]; Charpentier, Ph. [omid:ra/061507137781]; Chen, P. [omid:ra/061507137782]; Chiapolini, N. [omid:ra/061507137783]; Chrzaszcz, M. [omid:ra/061507137784]; Ciba, K. [omid:ra/061507137785]; Vidal, X. Cid [orcid:0000-0002-0468-541X omid:ra/0612011191764]; Ciezarek, G. [omid:ra/061507137786]; Clarke, P.E.L. [omid:ra/061507137787]; Clemencic, M. [omid:ra/061507137788]; Cliff, H.V. [omid:ra/061507137789]; Closier, J. [omid:ra/061507137790]; Coca, C. [omid:ra/061507137791]; Coco, V. [orcid:0000-0002-5310-6808 omid:ra/0612011191773]; Cogan, J. [omid:ra/061507137792]; Cogneras, E. [omid:ra/061507137793]; Collins, P. [omid:ra/061507137794]; Comerma, Albert [orcid:0000-0002-8980-6048 omid:ra/0612011191779]; Contu, Andrea [orcid:0000-0002-3545-2969 omid:ra/0612011191781]; Cook, A. [omid:ra/061507137795]; Coombes, M. [omid:ra/061507137796]; Coquereau, S. [orcid:0000-0002-5351-0106 omid:ra/0615034138]; Corti, G. [omid:ra/061507137797]; Couturier, B. [omid:ra/061507137798]; Cowan, G.A. [omid:ra/061507137799]; Craik, D. C. [orcid:0000-0002-3684-1560 omid:ra/0612011191788]; Cunliffe, S. [omid:ra/061507137800]; Currie, R. [omid:ra/061507137801]; DÊ¼Ambrosio, C. [omid:ra/061507137802]; David, P. [omid:ra/061507137803]; David, P.N.Y. [omid:ra/061507137804]; De Bonis, I. [omid:ra/061507137805]; De Bruyn, K. [omid:ra/061507137806]; De Capua, S. [orcid:0000-0002-6285-9596 omid:ra/061023748]; De Cian, M. [orcid:0000-0002-1268-9621 omid:ra/0611011412410]; De Miranda, J.M. [omid:ra/061507137807]; De Oyanguren Campos, M. [omid:ra/061507137808]; De Paula, L. [omid:ra/061507137809]; De Silva, W. [omid:ra/061507137810]; De Simone, P. [omid:ra/061507137811]; Decamp, D. [omid:ra/061507137812]; Deckenhoff, M. [omid:ra/061507137813]; Del Buono, L. [omid:ra/061507137814]; Derkach, D. [omid:ra/061507137815]; Deschamps, O. [orcid:0000-0002-7047-6042 omid:ra/0612011191827]; Dettori, F. [orcid:0000-0003-0256-8663 omid:ra/061023264]; Di Canto, A. [orcid:0000-0003-1233-3876 omid:ra/061011857983]; Dijkstra, H. [omid:ra/061507137816]; Dogaru, M. [omid:ra/061507137817]; Donleavy, S. [omid:ra/061507137818]; Dordei, F. [orcid:0000-0002-2571-5067 omid:ra/0612011191839]; Dosil SuÃ¡rez, A. [omid:ra/061507137819]; Dossett, D. [orcid:0000-0002-5670-5582 omid:ra/0611011421561]; Dovbnya, A. [omid:ra/061507137820]; Dupertuis, F. [omid:ra/061507137821]; Dzhelyadin, R. [omid:ra/061507137822]; Dziurda, A. [orcid:0000-0003-4338-7156 omid:ra/0611011412450]; Dzyuba, A. [orcid:0000-0003-3612-3195 omid:ra/0611011412451]; Easo, S. [omid:ra/061507137823]; Egede, U. [orcid:0000-0001-5493-0762 omid:ra/0611011412454]; Egorychev, V. [omid:ra/061507137824]; Eidelman, S. [omid:ra/061507137825]; Van Eijk, D. [omid:ra/061507137826]; Eisenhardt, S. [orcid:0000-0002-4860-6779 omid:ra/0612011191859]; Eitschberger, U. [omid:ra/061507137827]; Ekelhof, R. [omid:ra/061507137828]; Eklund, L. [omid:ra/061507137829]; El Rifai, I. [omid:ra/061507137830]; Elsasser, Ch. [omid:ra/061507137831]; Elsby, D. [omid:ra/061507137832]; Falabella, A. [omid:ra/061507137833]; FÃ¤rber, C. [omid:ra/061507137834]; Fardell, G. [omid:ra/061507137835]; Farinelli, C. [omid:ra/061507137836]; Farry, S. [omid:ra/061507137837]; Fave, V. [omid:ra/061507137838]; Ferguson, D. [omid:ra/061507137839]; Fernandez Albor, V. [orcid:0000-0001-5733-494X omid:ra/0624072088]; Ferreira Rodrigues, F. [omid:ra/061507137840]; Ferro-Luzzi, M. [omid:ra/061507137841]; Filippov, S. [omid:ra/061507137842]; Fitzpatrick, C. [omid:ra/061507137843]; Fontana, M. [omid:ra/061507137844]; Fontanelli, F. [omid:ra/061507137845]; Forty, R. [omid:ra/061507137846]; Francisco, O. [omid:ra/061507137847]; Frank, M. [omid:ra/061507137848]; Frei, C. [omid:ra/061507137849]; Frosini, M. [omid:ra/061507137850]; Furcas, S. [omid:ra/061507137851]; Furfaro, E. [omid:ra/061507137852]; Gallas Torreira, A. [omid:ra/061507137853]; Galli, D. [omid:ra/061507137854]; Gandelman, M. [omid:ra/061507137855]; Gandini, P. [orcid:0000-0001-7267-6008 omid:ra/0612011191922]; Gao, Y. [omid:ra/061507137856]; Garofoli, J. [omid:ra/061507137857]; Garosi, P. [omid:ra/061507137858]; Garra Tico, J. [omid:ra/061507137859]; Garrido, L. [omid:ra/061507137860]; Gaspar, C. [omid:ra/061507137861]; Gauld, R. [omid:ra/061507137862]; Gersabeck, E. [omid:ra/061507137863]; Gersabeck, M. [omid:ra/061507137864]; Gershon, T. [omid:ra/061507137865]; Ghez, Ph. [omid:ra/061507137866]; Gibson, V. [omid:ra/061507137867]; Gligorov, V.V. [omid:ra/061507137868]; GÃ¶bel, C. [omid:ra/061507137869]; Golubkov, D. [omid:ra/061507137870]; Golutvin, A. [omid:ra/061507137871]; Gomes, A. [omid:ra/061507137872]; Gordon, H. [omid:ra/061507137873]; Grabalosa GÃ¡ndara, M. [omid:ra/061507137874]; Graciani, R. [orcid:0000-0001-7166-5198 omid:ra/061109616666]; Granado Cardoso, L.A. [omid:ra/061507137875]; GraugÃ©s, E. [orcid:0000-0001-6571-4096 omid:ra/061023821]; Graziani, G. [omid:ra/061507137876]; Grecu, A. [omid:ra/061507137877]; Greening, E. [omid:ra/061507137878]; Gregson, S. [omid:ra/061507137879]; GrÃ¼nberg, O. [omid:ra/061507137880]; Gui, B. [omid:ra/061507137881]; Gushchin, E. [orcid:0000-0001-8857-1665 omid:ra/0611011412573]; Guz, Yu. [omid:ra/061507137882]; Gys, T. [omid:ra/061507137883]; Hadjivasiliou, C. [omid:ra/061507137884]; Haefeli, G. [omid:ra/061507137885]; Haen, C. [omid:ra/061507137886]; Haines, S.C. [omid:ra/061507137887]; Hall, S. [omid:ra/061507137888]; Hampson, T. [omid:ra/061507137889]; Hansmann-Menzemer, S. [omid:ra/061507137890]; Harnew, N. [omid:ra/061507137891]; Harnew, S.T. [omid:ra/061507137892]; Harrison, J. [omid:ra/061507137893]; Hartmann, T. [omid:ra/061507137894]; He, J. [omid:ra/061507137895]; Heijne, V. [omid:ra/061507137896]; Hennessy, K. [omid:ra/061507137897]; Henrard, P. [omid:ra/061507137898]; Hernando Morata, J.A. [omid:ra/061507137899]; Van Herwijnen, E. [omid:ra/061507137900]; Hicks, E. [omid:ra/061507137901]; Hill, D. [omid:ra/061507137902]; Hoballah, M. [omid:ra/061507137903]; Hombach, C. [omid:ra/061507137904]; Hopchev, P. [omid:ra/061507137905]; Hulsbergen, W. [omid:ra/061507137906]; Hunt, P. [omid:ra/061507137907]; Huse, T. [omid:ra/061507137908]; Hussain, N. [omid:ra/061507137909]; Hutchcroft, D. [orcid:0000-0002-4174-6509 omid:ra/061023527]; Hynds, D. [omid:ra/061507137910]; Iakovenko, V. [omid:ra/061507137911]; Idzik, M. [omid:ra/061507137912]; Ilten, Philip [orcid:0000-0001-5534-1732 omid:ra/0611011412628]; Jacobsson, R. [omid:ra/061507137913]; Jaeger, A. [omid:ra/061507137914]; Jans, E. [omid:ra/061507137915]; Jaton, P. [omid:ra/061507137916]; Jing, F. [omid:ra/061507137917]; John, M. [omid:ra/061507137918]; Johnson, D. [omid:ra/061507137919]; Jones, C.R. [omid:ra/061507137920]; Jost, B. [omid:ra/061507137921]; Kaballo, M. [omid:ra/061507137922]; Kandybei, S. [orcid:0000-0003-3598-0427 omid:ra/0611011412651]; Karacson, M. [omid:ra/061507137923]; Karbach, T.M. [omid:ra/061507137924]; Kenyon, I.R. [omid:ra/061507137925]; Kerzel, U. [omid:ra/061507137926]; Ketel, T. [omid:ra/061507137927]; Keune, A. [omid:ra/061507137928]; Khanji, B. [omid:ra/061507137929]; Kochebina, O. [omid:ra/061507137930]; Komarov, I. [omid:ra/061507137931]; Koopman, R.F. [omid:ra/061507137932]; Koppenburg, P. [orcid:0000-0001-8614-7203 omid:ra/0611011412678]; Korolev, M. [omid:ra/061507137933]; Kozlinskiy, A. [omid:ra/061507137934]; Kravchuk, L. [omid:ra/061507137935]; Kreplin, K. [omid:ra/061507137936]; Kreps, M. [omid:ra/061507137937]; Krocker, G. [omid:ra/061507137938]; Krokovny, P. [orcid:0000-0002-1236-4667 omid:ra/061010515469]; Kruse, F. [omid:ra/061507137939]; Kucharczyk, M. [omid:ra/061507137940]; Kudryavtsev, V. [omid:ra/061507137941]; Kvaratskheliya, T. [omid:ra/061507137942]; La Thi, V.N. [omid:ra/061507137943]; Lacarrere, D. [omid:ra/061507137944]; Lafferty, G. [orcid:0000-0003-0658-4919 omid:ra/0611011412701]; Lai, A. [orcid:0000-0003-1633-0496 omid:ra/0611011412702]; Lambert, D. [omid:ra/061507137945]; Lambert, R.W. [omid:ra/061507137946]; Lanciotti, E. [omid:ra/061507137947]; Lanfranchi, G. [omid:ra/061507137948]; Langenbruch, C. [omid:ra/061507137949]; Latham, Thomas [orcid:0000-0002-7195-8537 omid:ra/0612011192116]; Lazzeroni, C. [orcid:0000-0003-4074-4787 omid:ra/0611011427569]; Le Gac, R. [orcid:0000-0002-7551-6971 omid:ra/0611011412714]; Van Leerdam, J. [omid:ra/061507137950]; Lees, J.-P. [omid:ra/061507137951]; LefÃ¨vre, R. [orcid:0000-0002-6917-6210 omid:ra/0611011412717]; Leflat, A. [omid:ra/061507137952]; LefranÃ§ois, J. [omid:ra/061507137953]; Leo, S. [omid:ra/061507137954]; Leroy, O. [orcid:0000-0002-2589-240X omid:ra/0611011412720]; Leverington, B. [omid:ra/061507137955]; Li, Y. [omid:ra/061507137956]; Li Gioi, L. [omid:ra/061507137957]; Liles, M. [omid:ra/061507137958]; Lindner, R. [omid:ra/061507137959]; Linn, C. [omid:ra/061507137960]; Liu, B. [omid:ra/061507137961]; Liu, G. [omid:ra/061507137962]; Von Loeben, J. [omid:ra/061507137963]; Lohn, S. [omid:ra/061507137964]; Lopes, J.H. [omid:ra/061507137965]; Asamar, E Lopez [orcid:0000-0003-3046-0529 omid:ra/0619030162]; Lopez-March, N. [omid:ra/061507137966]; Lu, H. [omid:ra/061507137967]; Lucchesi, D. [omid:ra/061507137968]; Luisier, J. [omid:ra/061507137969]; Luo, H. [omid:ra/061507137970]; Machefert, F. [omid:ra/061507137971]; Machikhiliyan, I.V. [omid:ra/061507137972]; Maciuc, F. [omid:ra/061507137973]; Maev, O. [omid:ra/061507137974]; Malde, S. [omid:ra/061507137975]; Manca, G. [orcid:0000-0003-1960-4413 omid:ra/0611011412779]; Mancinelli, G. [omid:ra/061507137976]; Marconi, U. [omid:ra/061507137977]; MÃ¤rki, R. [omid:ra/061507137978]; Marks, J. [omid:ra/061507137979]; Martellotti, G. [omid:ra/061507137980]; Martens, A. [omid:ra/061507137981]; Martin, L. [omid:ra/061507137982]; MartÃ­n SÃ¡nchez, A. [omid:ra/061507137983]; Martinelli, M. [omid:ra/061507137984]; Martinez Santos, D. [omid:ra/061507137985]; Martins Tostes, D. [omid:ra/061507137986]; Massafferri, A. [omid:ra/061507137987]; Matev, R. [orcid:0000-0001-8713-6119 omid:ra/0611011412801]; Mathe, Z. [omid:ra/061507137988]; Matteuzzi, C. [orcid:0000-0002-4047-4521 omid:ra/0612011192215]; Maurice, E. [omid:ra/061507137989]; Mazurov, A. [omid:ra/061507137990]; McCarthy, J. [omid:ra/061507137991]; McNulty, R. [omid:ra/061507137992]; Mcnab, A. [omid:ra/061507137993]; Meadows, B. [omid:ra/061507137994]; Meier, F. [omid:ra/061507137995]; Meissner, M. [omid:ra/061507137996]; Merk, M. [omid:ra/061507137997]; Milanes, D.A. [omid:ra/061507137998]; Minard, M.-N. [omid:ra/061507137999]; Molina Rodriguez, J. [omid:ra/061507138000]; Monteil, S. [omid:ra/061507138001]; Moran, D. [orcid:0000-0002-1941-9333 omid:ra/061010610509]; Morawski, P. [omid:ra/061507138002]; Morello, M. J. [orcid:0000-0003-4190-1078 omid:ra/0611011412843]; Mountain, R. [omid:ra/061507138003]; Mous, I. [omid:ra/061507138004]; Muheim, F. [omid:ra/061507138005]; MÃ¼ller, K. [omid:ra/061507138006]; Muresan, R. [omid:ra/061507138007]; Muryn, B. [omid:ra/061507138008]; Muster, B. [omid:ra/061507138009]; Naik, P. [omid:ra/061507138010]; Nakada, T. [omid:ra/061507138011]; Nandakumar, R. [omid:ra/061507138012]; Nasteva, I. [orcid:0000-0001-7115-7214 omid:ra/061023901]; Needham, M. [orcid:0000-0002-8297-6714 omid:ra/0612011192275]; Neufeld, N. [omid:ra/061507138013]; Nguyen, A.D. [omid:ra/061507138014]; Nguyen, T.D. [omid:ra/061507138015]; Nguyen-Mau, C. [omid:ra/061507138016]; Nicol, M. [omid:ra/061507138017]; Niess, Valentin [orcid:0000-0001-7148-6819 omid:ra/061023548]; Niet, R. [omid:ra/061507138018]; Nikitin, N. [omid:ra/061507138019]; Nikodem, T. [omid:ra/061507138020]; Nomerotski, A. [omid:ra/061507138021]; Novoselov, A. [omid:ra/061507138022]; Oblakowska-Mucha, A. [omid:ra/061507138023]; Obraztsov, V. [omid:ra/061507138024]; Oggero, S. [omid:ra/061507138025]; Ogilvy, S. [omid:ra/061507138026]; Okhrimenko, O. [omid:ra/061507138027]; Oldeman, R. [omid:ra/061507138028]; Orlandea, M. [omid:ra/061507138029]; Otalora Goicochea, J.M. [omid:ra/061507138030]; Owen, P. [omid:ra/061507138031]; Pal, B.K. [omid:ra/061507138032]; Palano, A. [omid:ra/061507138033]; Palutan, M. [omid:ra/061507138034]; Panman, J. [omid:ra/061507138035]; Papanestis, A. [omid:ra/061507138036]; Pappagallo, M. [omid:ra/061507138037]; Parkes, C. [omid:ra/061507138038]; Parkinson, C. [orcid:0000-0003-0344-7361 omid:ra/0613010751499]; Passaleva, G. [omid:ra/061507138039]; Patel, G.D. [omid:ra/061507138040]; Patel, M. [omid:ra/061507138041]; Patrick, G.N. [omid:ra/061507138042]; Patrignani, C. [orcid:0000-0002-5882-1747 omid:ra/0612011192325]; Pavel-Nicorescu, C. [omid:ra/061507138043]; Pazos Alvarez, A. [omid:ra/061507138044]; Pellegrino, A. [omid:ra/061507138045]; Penso, G. [omid:ra/061507138046]; Pepe Altarelli, M. [omid:ra/061507138047]; Perazzini, S. [orcid:0000-0002-1862-7122 omid:ra/0612011192329]; Perego, D.L. [omid:ra/061507138048]; Perez Trigo, E. [omid:ra/061507138049]; PÃ©rez-Calero Yzquierdo, A. [omid:ra/061507138050]; Perret, P. [omid:ra/061507138051]; Perrin-Terrin, M. [orcid:0000-0002-3568-1956 omid:ra/061011839844]; Pessina, G. [orcid:0000-0003-3700-9757 omid:ra/064010750251]; Petridis, K. [omid:ra/061507138052]; Petrolini, A. [omid:ra/061507138053]; Naveh, Annie [orcid:0000-0002-6346-5628 omid:ra/0624072097]; Picatoste Olloqui, E. [omid:ra/061507138054]; Pietrzyk, B. [omid:ra/061507138055]; PilaÅ, T. [omid:ra/061507138056]; Pinci, D. [omid:ra/061507138057]; Playfer, S. [omid:ra/061507138058]; Plo Casasus, M. [omid:ra/061507138059]; Polci, F. [omid:ra/061507138060]; Polikarpov, S. [omid:ra/061507138061]; Polok, G. [omid:ra/061507138062]; Poluektov, A. [omid:ra/061507138063]; Polycarpo, E. [omid:ra/061507138064]; Popov, D. [omid:ra/061507138065]; Popovici, B. [omid:ra/061507138066]; Potterat, Cedric [orcid:0000-0002-0027-1316 omid:ra/061023830]; Powell, A. [omid:ra/061507138067]; Prisciandaro, J. [omid:ra/061507138068]; Pugatch, V. [orcid:0000-0002-5204-9821 omid:ra/0611011412951]; Navarro, A Puig [orcid:0000-0001-8868-2947 omid:ra/0618030496]; Punzi, G. [orcid:0000-0002-8346-9052 omid:ra/061023460]; Qian, W. [omid:ra/061507138069]; Rademacker, J.H. [omid:ra/061507138070]; Rakotomiaramanana, B. [omid:ra/061507138071]; Rangel, M. S. [orcid:0000-0002-8690-5198 omid:ra/0612011192372]; Raniuk, I. [omid:ra/061507138072]; Rauschmayr, N. [omid:ra/061507138073]; Raven, G. [orcid:0000-0002-2897-5323 omid:ra/0612011192374]; Redford, S. [omid:ra/061507138074]; Reid, M.M. [omid:ra/061507138075]; Dos Reis, A.C. [omid:ra/061507138076]; Ricciardi, S. [omid:ra/061507138077]; Richards, A. [omid:ra/061507138078]; Rinnert, K. [omid:ra/061507138079]; Rives Molina, V. [omid:ra/061507138080]; Roa Romero, D.A. [omid:ra/061507138081]; Robbe, P. [omid:ra/061507138082]; Rodrigues, E. [omid:ra/061507138083]; Rodriguez Perez, P. [omid:ra/061507138084]; Roiser, S. [omid:ra/061507138085]; Romanovsky, V. [omid:ra/061507138086]; Romero Vidal, A. [orcid:0000-0002-8830-1486 omid:ra/061023329]; Rouvinet, J. [omid:ra/061507138087]; Ruf, T. [omid:ra/061507138088]; Ruffini, F. [omid:ra/061507138089]; Ruiz, H. [omid:ra/061507138090]; Ruiz Valls, P. [omid:ra/061507138091]; Sabatino, G. [omid:ra/061507138092]; Saborido Silva, J. J. [orcid:0000-0002-6270-130X omid:ra/061023708]; Sagidova, N. [omid:ra/061507138093]; Sail, P. [omid:ra/061507138094]; Saitta, B. [omid:ra/061507138095]; Salzmann, C. [omid:ra/061507138096]; Sanmartin Sedes, B. [omid:ra/061507138097]; Sannino, M. [orcid:0000-0001-7700-8383 omid:ra/0613010762922]; Santacesaria, R. [omid:ra/061507138098]; Santamarina Rios, C. [omid:ra/061507138099]; Santovetti, E. [orcid:0000-0002-5605-1662 omid:ra/0611011413012]; Sapunov, M. [omid:ra/061507138100]; Sarti, A. [orcid:0000-0001-5419-7951 omid:ra/0612011192429]; Satriano, C. [orcid:0000-0002-4976-0460 omid:ra/0611011413017]; Satta, A. [omid:ra/061507138101]; Savrie, M. [omid:ra/061507138102]; Savrina, D. [omid:ra/061507138103]; Schaack, P. [omid:ra/061507138104]; Schiller, M. [omid:ra/061507138105]; Schindler, H. [orcid:0000-0002-1468-0479 omid:ra/0612011192441]; Schlupp, M. [omid:ra/061507138106]; Schmelling, M. [omid:ra/061507138107]; Schmidt, B. [omid:ra/061507138108]; Schneider, O. [orcid:0000-0002-6014-7552 omid:ra/0611011413031]; Schopper, A. [omid:ra/061507138109]; Schune, M.-H. [omid:ra/061507138110]; Schwemmer, R. [omid:ra/061507138111]; Sciascia, B. [orcid:0000-0003-0670-006X omid:ra/0611011413037]; Sciubba, A. [orcid:0000-0002-3301-9176 omid:ra/062309438831]; Seco, Marcos [orcid:0000-0003-0354-8699 omid:ra/0619030239]; Semennikov, A. [omid:ra/061507138112]; Senderowska, K. [omid:ra/061507138113]; Sepp, I. [omid:ra/061507138114]; Serra, N. [omid:ra/061507138115]; Serrano, J. [omid:ra/061507138116]; Seyfert, P. [orcid:0000-0001-5419-2763 omid:ra/0625010924881]; Shapkin, M. [omid:ra/061507138117]; Shapoval, Illya [orcid:0000-0001-9350-8281 omid:ra/0619030133]; Shatalov, P. [omid:ra/061507138118]; Shcheglov, Y. [omid:ra/061507138119]; Shears, T. [omid:ra/061507138120]; Shekhtman, L. [omid:ra/061507138121]; Shevchenko, O. [omid:ra/061507138122]; Shevchenko, V. [omid:ra/061507138123]; Shires, A. [omid:ra/061507138124]; Silva Coutinho, R. [omid:ra/061507138125]; Skwarnicki, T. [omid:ra/061507138126]; Smith, N.A. [omid:ra/061507138127]; Smith, E. [omid:ra/061507138128]; Smith, M. [omid:ra/061507138129]; Sokoloff, M.D. [omid:ra/061507138130]; Soler, F. J. P. [orcid:0000-0002-4893-3729 omid:ra/06011464717]; Soomro, F. [omid:ra/061507138131]; Souza, D. [omid:ra/061507138132]; Souza De Paula, B. [omid:ra/061507138133]; Spaan, B. [omid:ra/061507138134]; Sparkes, A. [omid:ra/061507138135]; Spradlin, P. [omid:ra/061507138136]; Stagni, F. [omid:ra/061507138137]; Stahl, S. [omid:ra/061507138138]; Steinkamp, O. [omid:ra/061507138139]; Stoica, S. [omid:ra/061507138140]; Stone, S. [orcid:0000-0002-2122-771X omid:ra/061010514778]; Storaci, Barbara [orcid:0000-0002-0219-2750 omid:ra/0621010982813]; Straticiuc, M. [omid:ra/061507138141]; Straumann, U. [omid:ra/061507138142]; Subbiah, V.K. [omid:ra/061507138143]; Swientek, S. [omid:ra/061507138144]; Syropoulos, V. [omid:ra/061507138145]; Szczekowski, M. [omid:ra/061507138146]; Szczypka, P. [omid:ra/061507138147]; Szumlak, Tomasz [orcid:0000-0002-2562-7163 omid:ra/0612011192525]; TÊ¼Jampens, S. [omid:ra/061507138148]; Teklishyn, M. [omid:ra/061507138149]; Teodorescu, E. [omid:ra/061507138150]; Teubert, F. [omid:ra/061507138151]; Thomas, C. [omid:ra/061507138152]; Thomas, E. [omid:ra/061507138153]; Van Tilburg, Jeroen [orcid:0000-0003-2655-8742 omid:ra/0621010982933]; Tisserand, V. [orcid:0000-0003-4916-0446 omid:ra/0611010751336]; Tobin, M. [omid:ra/061507138154]; Tolk, S. [omid:ra/061507138155]; Tonelli, D. [omid:ra/061507138156]; Topp-Joergensen, S. [omid:ra/061507138157]; Torr, N. [omid:ra/061507138158]; Tournefier, E. [omid:ra/061507138159]; Tourneur, S. [omid:ra/061507138160]; Tran, M.T. [omid:ra/061507138161]; Tresch, M. [omid:ra/061507138162]; Tsaregorodtsev, Andrei [orcid:0000-0003-4618-520X omid:ra/062023545]; Tsopelas, P. [omid:ra/061507138163]; Tuning, N. [omid:ra/061507138164]; Ubeda Garcia, M. [omid:ra/061507138165]; Ukleja, A. [omid:ra/061507138166]; Urner, D. [omid:ra/061507138167]; Uwer, U. [omid:ra/061507138168]; Vagnoni, V. [orcid:0000-0003-2206-311X omid:ra/0611011413139]; Valenti, G. [omid:ra/061507138169]; Vazquez Gomez, R. [orcid:0000-0001-5319-1128 omid:ra/0611011413146]; Vazquez Regueiro, P. [omid:ra/061507138170]; Vecchi, S. [omid:ra/061507138171]; Velthuis, J.J. [omid:ra/061507138172]; Veltri, M. [orcid:0000-0001-7917-9661 omid:ra/0612011192569]; Veneziano, G. [omid:ra/061507138173]; Vesterinen, M. [omid:ra/061507138174]; Viaud, B. [omid:ra/061507138175]; Vieira, D. [omid:ra/061507138176]; Vilasis-Cardona, X. [omid:ra/061507138177]; Vollhardt, A. [omid:ra/061507138178]; Volyanskyy, D. [omid:ra/061507138179]; Voong, D. [omid:ra/061507138180]; Vorobyev, A. [omid:ra/061507138181]; Vorobyev, V. [omid:ra/061507138182]; VoÃ, C. [omid:ra/061507138183]; Voss, H. [omid:ra/061507138184]; Waldi, R. [omid:ra/061507138185]; Wallace, R. [omid:ra/061507138186]; Wandernoth, S. [omid:ra/061507138187]; Wang, J. [omid:ra/061507138188]; Ward, D.R. [omid:ra/061507138189]; Watson, N. K. [orcid:0000-0002-8142-4678 omid:ra/0612011192599]; Webber, A.D. [omid:ra/061507138190]; Websdale, D. [omid:ra/061507138191]; Whitehead, M. [omid:ra/061507138192]; Wicht, J. [omid:ra/061507138193]; Wiechczynski, J. [orcid:0000-0002-3151-6072 omid:ra/0614011308468]; Wiedner, D. [omid:ra/061507138194]; Wiggers, L. [orcid:0000-0003-1060-0520 omid:ra/061109616800]; Wilkinson, G. [omid:ra/061507138195]; Williams, M.P. [omid:ra/061507138196]; Williams, M. [omid:ra/061507138197]; Wilson, F. F. [orcid:0000-0002-5552-0842 omid:ra/0611011413198]; Wishahi, J. [omid:ra/061507138198]; Witek, M. [orcid:0000-0002-8317-385X omid:ra/061023266]; Wotton, S.A. [omid:ra/061507138199]; Wright, S. [omid:ra/061507138200]; Wu, S. [omid:ra/061507138201]; Wyllie, K. [omid:ra/061507138202]; Xie, Y. [omid:ra/061507138203]; Xing, F. [omid:ra/061507138204]; Xing, Z. [omid:ra/061507138205]; Yang, Z. [omid:ra/061507138206]; Young, R. [omid:ra/061507138207]; Yuan, X. [omid:ra/061507138208]; Yushchenko, O. [omid:ra/061507138209]; Zangoli, M. [omid:ra/061507138210]; Zavertyaev, M. [omid:ra/061507138211]; Zhang, F. [omid:ra/061507138212]; Zhang, L. [omid:ra/061507138213]; Zhang, W.C. [omid:ra/061507138214]; Zhang, Y. [omid:ra/061507138215]; Zhelezov, A. [omid:ra/061507138216]; Zhokhov, A. [omid:ra/061507138217]; Zhong, L. [omid:ra/061507138218]; Zvyagin, A. [omid:ra/061507138219]",2013-06,3,871,Nuclear Physics B [issn:0550-3213 issn:1873-1562 openalex:S4210194812 omid:br/069057982],journal article,403-419,Elsevier Bv [crossref:78 omid:ra/0610116009],
doi:10.3390/molecules27196563 openalex:W4303959107 pmid:36235097 omid:br/061403518537,"Understanding The Liquid States Of Cyclic Hydrocarbons Containing N, O, And S Atoms Via The 3D-RISM-KH Molecular Solvation Theory","Roy, Dipankar [orcid:0000-0002-4703-0130 omid:ra/0617010372362]; Kovalenko, Andriy [orcid:0000-0001-5033-4314 omid:ra/061409700757]",2022-10-04,19,27,Molecules [issn:1420-3049 openalex:S108911230 omid:br/065030790],journal article,6563,Mdpi Ag [crossref:1968 omid:ra/0610116165],
doi:10.1093/jrs/feac048 openalex:W4303446527 omid:br/06303941259,De-Bordering Solidarity: Civil Society Actors Assisting Refused Asylum Seekers In Small Cities,"Dimitriadis, Iraklis [orcid:0000-0003-4415-8275 omid:ra/0616010820308]; Ambrosini, Maurizio [orcid:0000-0003-1788-8686 omid:ra/063010845993]",2022-10-07,,,Journal Of Refugee Studies [issn:0951-6328 issn:1471-6925 openalex:S80058157 omid:br/064041919],journal article,,Oxford University Press (Oup) [crossref:286 omid:ra/0610116027],
doi:10.1016/j.molstruc.2019.05.071 openalex:W2945114020 omid:br/06190251986,"Crystal Structure, Spectroscopic And Electronic Features Of 6-(Chloromethyl)uracil","ÃztÃ¼rk, Nuri [orcid:0000-0001-8742-0160 omid:ra/0611014966]",2019-10,,1193,Journal Of Molecular Structure [issn:0022-2860 openalex:S203479135 omid:br/062104023],journal article,468-476,Elsevier Bv [crossref:78 omid:ra/0610116009],
doi:10.1186/s12941-022-00523-5 openalex:W4283732587 pmid:35773688 omid:br/0680259074,Evaluation The Reactivity Of A Peptide-Based Monoclonal Antibody Derived From OmpA With Drug Resistant Pulsotypes Of Acinetobacter Baumannii As A Potential Therapeutic Approach,"Yeganeh, Omid [orcid:0000-0003-0512-7193 omid:ra/0623011671743]; Shabani, Mahdi [orcid:0000-0002-7084-5709 omid:ra/0613011207501]; Pakzad, Parviz [orcid:0000-0003-0717-2780 omid:ra/06490210695]; Mosaffa, Nariman [orcid:0000-0003-1695-782X omid:ra/0622079469]; Hashemi, Ali [orcid:0000-0002-7258-5541 omid:ra/06510473749]",2022-06-30,1,21,Annals Of Clinical Microbiology And Antimicrobials [issn:1476-0711 openalex:S14661945 omid:br/0680259928],journal article,,Springer Science And Business Media Llc [crossref:297 omid:ra/0610116006],
doi:10.1021/acs.analchem.0c00936 openalex:W3016796999 pmid:32314907 omid:br/06110996542,Single-Cell Metabolic Profiling: Metabolite Formulas From Isotopic Fine Structures In Heterogeneous Plant Cell Populations,"Samarah, Laith Z. [omid:ra/061102985971]; Khattar, Rikkita [omid:ra/061102985972]; Tran, Tina H. [orcid:0000-0003-1376-2197 omid:ra/0621011352564]; Stopka, Sylwia [orcid:0000-0003-3761-6899 omid:ra/06530452929]; Brantner, Christine A. [omid:ra/061102985973]; Parlanti, Paola [orcid:0000-0002-2163-1296 omid:ra/0615036862]; VeliÄkoviÄ, DuÅ¡an [omid:ra/061102985974]; Shaw, Jared B [orcid:0000-0002-1130-1728 omid:ra/061108880]; Agtuca, Beverly J. [omid:ra/061102985975]; Stacey, Gary [omid:ra/061102985976]; PaÅ¡a-ToliÄ, Ljiljana [omid:ra/061102985977]; ToliÄ, Nikola [orcid:0000-0003-3950-9130 omid:ra/06330441727]; Richardson, Jocelyn A. [orcid:0000-0002-6170-1033 omid:ra/0612011293699]; Vertes, Akos [orcid:0000-0001-5186-5352 omid:ra/061401390]",2020-04-21,10,92,Analytical Chemistry [issn:0003-2700 issn:1520-6882 openalex:S191963794 omid:br/065021405],journal article,7289-7298,American Chemical Society (Acs) [crossref:316 omid:ra/0610116070],
doi:10.1016/j.physletb.2013.02.031 openalex:W2922506210 omid:br/06302831810,Search For Excited Leptons In Pp Collisions At S=7 TeV,"Chatrchyan, S. [omid:ra/06308251450]; Khachatryan, V. [omid:ra/06308251451]; Sirunyan, A.M. [omid:ra/06308251452]; Tumasyan, A. [omid:ra/06308251453]; Adam, W. [omid:ra/06308251454]; Aguilo, E. [omid:ra/06308251455]; Bergauer, T. [omid:ra/06308251456]; Dragicevic, M. [orcid:0000-0003-1967-6783 omid:ra/06011290294]; ErÃ¶, J. [omid:ra/06308251457]; Fabjan, C. [omid:ra/06308251458]; Friedl, M. [omid:ra/06308251459]; FrÃ¼hwirth, R. [omid:ra/06308251460]; Ghete, V.M. [omid:ra/06308251461]; Hammer, J. [omid:ra/06308251462]; HÃ¶rmann, N. [omid:ra/06308251463]; Hrubec, J. [omid:ra/06308251464]; Jeitler, M. [omid:ra/06308251465]; Kiesenhofer, W. [omid:ra/06308251466]; KnÃ¼nz, V. [omid:ra/06308251467]; Krammer, M. [orcid:0000-0003-2257-7751 omid:ra/067012341192]; KrÃ¤tschmer, Ilse [orcid:0000-0002-5636-9259 omid:ra/06011289774]; Liko, D. [omid:ra/06308251468]; Mikulec, I. [omid:ra/06308251469]; Pernicka, M. [omid:ra/06308251470]; Rahbaran, B. [omid:ra/06308251471]; Rohringer, C. [omid:ra/06308251472]; Rohringer, H. [omid:ra/06308251473]; SchÃ¶fbeck, R. [omid:ra/06308251474]; Strauss, J. [omid:ra/06308251475]; Taurok, A. [omid:ra/06308251476]; Waltenberger, W. [omid:ra/06308251477]; Walzel, G. [omid:ra/06308251478]; Widl, E. [omid:ra/06308251479]; Wulz, C.-E. [omid:ra/06308251480]; Mossolov, V. [omid:ra/06308251481]; Shumeiko, N. [omid:ra/06308251482]; Suarez Gonzalez, J. [omid:ra/06308251483]; Bansal, M. [omid:ra/06308251484]; Bansal, S. [omid:ra/06308251485]; Cornelis, T. [omid:ra/06308251486]; De Wolf, E.A. [omid:ra/06308251487]; Janssen, X. [omid:ra/06308251488]; Luyckx, S. [omid:ra/06308251489]; Mucibello, L. [omid:ra/06308251490]; Ochesanu, S. [omid:ra/06308251491]; Roland, B. [omid:ra/06308251492]; Rougny, R. [omid:ra/06308251493]; Selvaggi, M. [omid:ra/06308251494]; Staykova, Z. [omid:ra/06308251495]; Van Haevermaet, H. [omid:ra/06308251496]; Van Mechelen, P. [omid:ra/06308251497]; Van Remortel, N. [omid:ra/06308251498]; Van Spilbeeck, A. [omid:ra/06308251499]; Blekman, F. [omid:ra/06308251500]; Blyweert, S. [omid:ra/06308251501]; DÊ¼Hondt, J. [omid:ra/06308251502]; Gonzalez Suarez, R. [omid:ra/06308251503]; Kalogeropoulos, A. [omid:ra/06308251504]; Maes, M. [omid:ra/06308251505]; Olbrechts, A. [omid:ra/06308251506]; Van Doninck, W. [omid:ra/06308251507]; Van Mulders, P. [omid:ra/06308251508]; Onsem, G. P. Van [orcid:0000-0002-1664-2337 omid:ra/06011360990]; Villella, I. [omid:ra/06308251509]; Clerbaux, B. [omid:ra/06308251510]; De Lentdecker, G. [omid:ra/06308251511]; Dero, V. [omid:ra/06308251512]; Gay, A.P.R. [omid:ra/06308251513]; Hreus, T. [omid:ra/06308251514]; LÃ©onard, A. [omid:ra/06308251515]; Marage, P.E. [omid:ra/06308251516]; Mohammadi, A. [omid:ra/06308251517]; Reis, T. [omid:ra/06308251518]; Thomas, L. [omid:ra/06308251519]; Vander Marcken, G. [omid:ra/06308251520]; Vander Velde, C. [omid:ra/06308251521]; Vanlaer, P. [omid:ra/06308251522]; Wang, J. [omid:ra/06308251523]; Adler, V [orcid:0000-0002-4469-4468 omid:ra/0623010831326]; Beernaert, K. [omid:ra/06308251524]; Cimmino, Anna [orcid:0000-0001-7510-4996 omid:ra/0624010881406]; Costantini, S. [omid:ra/06308251525]; Garcia, G. [omid:ra/06308251526]; Grunewald, M. [orcid:0000-0002-5754-0388 omid:ra/06011290710]; Klein, B. [omid:ra/06308251527]; Lellouch, J. [omid:ra/06308251528]; Marinov, A. [omid:ra/06308251529]; Mccartin, J. [omid:ra/06308251530]; Ocampo Rios, A.A. [omid:ra/06308251531]; Ryckbosch, D. [omid:ra/06308251532]; Strobbe, N. [omid:ra/06308251533]; Thyssen, F. [omid:ra/06308251534]; Tytgat, M. [orcid:0000-0002-3990-2074 omid:ra/0612011193107]; Verwilligen, P. [omid:ra/06308251535]; Walsh, S. [omid:ra/06308251536]; Yazgan, Efe [orcid:0000-0001-5732-7950 omid:ra/06011289080]; Zaganidis, N. [omid:ra/06308251537]; Basegmez, S. [omid:ra/06308251538]; Bruno, G. [omid:ra/06308251539]; Castello, R. [omid:ra/06308251540]; Ceard, L. [omid:ra/06308251541]; Delaere, C. [orcid:0000-0001-8707-6021 omid:ra/06011183014]; Du Pree, T. [omid:ra/06308251542]; Favart, D. [omid:ra/06308251543]; Forthomme, L. [omid:ra/06308251544]; Giammanco, A. [omid:ra/06308251545]; Hollar, J. [omid:ra/06308251546]; Lemaitre, V. [omid:ra/06308251547]; Liao, J. [omid:ra/06308251548]; Militaru, O. [omid:ra/06308251549]; Nuttens, C. [omid:ra/06308251550]; Pagano, D. [omid:ra/06308251551]; Pin, A. [omid:ra/06308251552]; Piotrzkowski, K. [omid:ra/06308251553]; Schul, N. [omid:ra/06308251554]; Vizan Garcia, J.M. [omid:ra/06308251555]; Beliy, N. [omid:ra/06308251556]; Caebergs, T. [omid:ra/06308251557]; Daubie, E. [omid:ra/06308251558]; Hammad, G.H. [omid:ra/06308251559]; Alves, G. A. [orcid:0000-0002-8369-1446 omid:ra/06011290140]; Correa Martins, M. [omid:ra/06308251560]; De Jesus Damiao, D. [omid:ra/06308251561]; Martins, T. [omid:ra/06308251562]; Pol, M.E. [omid:ra/06308251563]; Souza, M.H.G. [omid:ra/06308251564]; AldÃ¡ JÃºnior, W.L. [omid:ra/06308251565]; Carvalho, W. [omid:ra/06308251566]; CustÃ³dio, A. [omid:ra/06308251567]; Da Costa, E.M. [omid:ra/06308251568]; De Oliveira Martins, C. [omid:ra/06308251569]; Fonseca De Souza, S. [omid:ra/06308251570]; Matos Figueiredo, D. [orcid:0000-0003-2514-6930 omid:ra/0612011193943]; Mundim, L. [orcid:0000-0001-9964-7805 omid:ra/06011290137]; Nogima, H. [omid:ra/06308251571]; Oguri, Vitor [orcid:0000-0002-5410-4863 omid:ra/0623010832755]; Prado Da Silva, W.L. [omid:ra/06308251572]; Santoro, A. [omid:ra/06308251573]; Soares Jorge, L. [omid:ra/06308251574]; Sznajder, Andre [orcid:0000-0001-6998-1108 omid:ra/0612011193150]; Anjos, T.S. [omid:ra/06308251575]; Bernardes, C. A. [orcid:0000-0001-5790-9563 omid:ra/06011290779]; Dias, F.A. [omid:ra/06308251576]; Fernandez Perez Tomei, T.R. [omid:ra/06308251577]; Gregores, E.M. [omid:ra/06308251578]; Lagana, C. [omid:ra/06308251579]; Marinho, F. [omid:ra/06308251580]; Mercadante, P.G. [omid:ra/06308251581]; Novaes, S. F. [orcid:0000-0003-0471-8549 omid:ra/06011289797]; Padula, Sandra S. [omid:ra/06308251582]; Genchev, V. [omid:ra/06308251583]; Iaydjiev, P. [omid:ra/06308251584]; Piperov, S. [omid:ra/06308251585]; Rodozov, M. [omid:ra/06308251586]; Stoykova, S. [omid:ra/06308251587]; Sultanov, G. [omid:ra/06308251588]; Tcholakov, V. [omid:ra/06308251589]; Trayanov, R. [omid:ra/06308251590]; Vutova, M. [omid:ra/06308251591]; Dimitrov, A. [omid:ra/06308251592]; Hadjiiska, R. [omid:ra/06308251593]; Kozhuharov, V. [omid:ra/06308251594]; Litov, L. [omid:ra/06308251595]; Pavlov, B. [orcid:0000-0003-3635-0646 omid:ra/0612011193171]; Petkov, P. [omid:ra/06308251596]; Bian, J.G. [omid:ra/06308251597]; Chen, G.M. [omid:ra/06308251598]; Chen, H.S. [omid:ra/06308251599]; Jiang, C.H. [omid:ra/06308251600]; Liang, D. [omid:ra/06308251601]; Liang, S. [omid:ra/06308251602]; Meng, X. [omid:ra/06308251603]; Tao, J. [omid:ra/06308251604]; Wang, J. [omid:ra/06308251605]; Wang, X. [omid:ra/06308251606]; Wang, Z. [omid:ra/06308251607]; Xiao, H. [omid:ra/06308251608]; Xu, M. [omid:ra/06308251609]; Zang, J. [omid:ra/06308251610]; Zhang, Z. [omid:ra/06308251611]; Asawatangtrakuldee, C. [omid:ra/06308251612]; Ban, Y. [omid:ra/06308251613]; Guo, Y. [omid:ra/06308251614]; Li, W. [omid:ra/06308251615]; Liu, S. [omid:ra/06308251616]; Mao, Y. [omid:ra/06308251617]; Qian, S.J. [omid:ra/06308251618]; Teng, H. [omid:ra/06308251619]; Wang, D. [omid:ra/06308251620]; Zhang, L. [omid:ra/06308251621]; Zou, W. [omid:ra/06308251622]; Avila, C. [omid:ra/06308251623]; Gomez, J.P. [omid:ra/06308251624]; Gomez Moreno, B. [omid:ra/06308251625]; Osorio Oliveros, A.F. [omid:ra/06308251626]; Sanabria, J.C. [omid:ra/06308251627]; GodinoviÄ, N. [orcid:0000-0002-4674-9450 omid:ra/06011183115]; Lelas, D. [omid:ra/06308251628]; Plestina, R. [omid:ra/06308251629]; Polic, D. [omid:ra/06308251630]; Puljak, I. [omid:ra/06308251631]; Antunovic, Z. [omid:ra/06308251632]; Kovac, M. [omid:ra/06308251633]; Brigljevic, V. [omid:ra/06308251634]; Duric, S. [omid:ra/06308251635]; Kadija, K. [omid:ra/06308251636]; Luetic, J. [omid:ra/06308251637]; Morovic, S. [omid:ra/06308251638]; Attikis, A. [omid:ra/06308251639]; Galanti, M. [omid:ra/06308251640]; Mavromanolakis, G. [omid:ra/06308251641]; Mousa, J. [orcid:0000-0002-2978-2718 omid:ra/0612011193250]; Nicolaou, C. [omid:ra/06308251642]; Ptochos, F. [omid:ra/06308251643]; Razis, P.A. [omid:ra/06308251644]; Finger, M. [omid:ra/06308251645]; Finger, M. [omid:ra/06308251646]; Assran, Y. [omid:ra/06308251647]; Elgammal, S. [omid:ra/06308251648]; Ellithi Kamel, A. [omid:ra/06308251649]; Khalil, S. [omid:ra/06308251650]; Mahmoud, M.A. [omid:ra/06308251651]; Radi, A. [omid:ra/06308251652]; Kadastik, M. [omid:ra/06308251653]; MÃ¼ntel, M. [omid:ra/06308251654]; Raidal, M. [orcid:0000-0001-7040-9491 omid:ra/06011291113]; Rebane, L. [omid:ra/06308251655]; Tiko, A. [omid:ra/06308251656]; Eerola, P. [omid:ra/06308251657]; Fedi, G. [omid:ra/06308251658]; Voutilainen, M. [orcid:0000-0002-5200-6477 omid:ra/0612011193279]; HÃ¤rkÃ¶nen, J. [omid:ra/06308251659]; Heikkinen, A. [omid:ra/06308251660]; KarimÃ¤ki, V. [omid:ra/06308251661]; Kinnunen, R. [omid:ra/06308251662]; Kortelainen, M.J. [omid:ra/06308251663]; LampÃ©n, T. [orcid:0000-0002-8398-4249 omid:ra/06011290883]; Lassila-Perini, K. [omid:ra/06308251664]; Lehti, S. [omid:ra/06308251665]; LindÃ©n, T. [omid:ra/06308251666]; Luukka, P. [omid:ra/06308251667]; MÃ¤enpÃ¤Ã¤, T. [omid:ra/06308251668]; Peltola, T. [omid:ra/06308251669]; Tuominen, E. [omid:ra/06308251670]; Tuominiemi, J. [omid:ra/06308251671]; Tuovinen, E. [omid:ra/06308251672]; Ungaro, D. [omid:ra/06308251673]; Wendland, Lauri [orcid:0000-0003-4506-2486 omid:ra/0623010833399]; Banzuzi, K. [omid:ra/06308251674]; Karjalainen, A. [omid:ra/06308251675]; Korpela, A. [omid:ra/06308251676]; Tuuva, T. [omid:ra/06308251677]; Besancon, M. [omid:ra/06308251678]; Choudhury, S. [omid:ra/06308251679]; Dejardin, M. [omid:ra/06308251680]; Denegri, D. [omid:ra/06308251681]; Fabbro, B. [omid:ra/06308251682]; Faure, J.L. [omid:ra/06308251683]; Ferri, F. [omid:ra/06308251684]; Ganjour, S. [omid:ra/06308251685]; Givernaud, A. [omid:ra/06308251686]; Gras, P. [omid:ra/06308251687]; Hamel De Monchenault, G. [omid:ra/06308251688]; Jarry, P. [omid:ra/06308251689]; Locci, E. [omid:ra/06308251690]; Malcles, J. [omid:ra/06308251691]; Millischer, L. [omid:ra/06308251692]; Nayak, A. [omid:ra/06308251693]; Rander, J. [omid:ra/06308251694]; Rosowsky, A. [omid:ra/06308251695]; Shreyber, I. [omid:ra/06308251696]; Titov, M. [omid:ra/06308251697]; Baffioni, S. [omid:ra/06308251698]; Beaudette, F. [orcid:0000-0002-1194-8556 omid:ra/06011289894]; Benhabib, L. [omid:ra/06308251699]; Bianchini, L. [omid:ra/06308251700]; Bluj, M. [omid:ra/06308251701]; Broutin, C. [omid:ra/06308251702]; Busson, P. [omid:ra/06308251703]; Charlot, C. [omid:ra/06308251704]; Daci, N. [omid:ra/06308251705]; Dahms, Torsten [orcid:0000-0003-4274-5476 omid:ra/0618010400944]; Dobrzynski, L. [omid:ra/06308251706]; Granier De Cassagnac, R. [omid:ra/06308251707]; Haguenauer, M. [omid:ra/06308251708]; MinÃ©, P. [omid:ra/06308251709]; Mironov, C. [omid:ra/06308251710]; Naranjo, I.N. [omid:ra/06308251711]; Nguyen, M. [omid:ra/06308251712]; Ochando, C. [omid:ra/06308251713]; Paganini, P. [omid:ra/06308251714]; Sabes, D. [omid:ra/06308251715]; Salerno, R. [omid:ra/06308251716]; Sirois, Y. [omid:ra/06308251717]; Veelken, C. [omid:ra/06308251718]; Zabi, A. [omid:ra/06308251719]; Agram, J.-L. [omid:ra/06308251720]; Andrea, J. [omid:ra/06308251721]; Bloch, D. [omid:ra/06308251722]; Bodin, D. [omid:ra/06308251723]; Brom, J.-M. [omid:ra/06308251724]; Cardaci, M. [omid:ra/06308251725]; Chabert, E.C. [omid:ra/06308251726]; Collard, C. [orcid:0000-0002-5230-8387 omid:ra/0612011193352]; Conte, E. [omid:ra/06308251727]; Drouhin, F. [omid:ra/06308251728]; Ferro, C. [omid:ra/06308251729]; Fontaine, J.-C. [omid:ra/06308251730]; GelÃ©, D. [omid:ra/06308251731]; Goerlach, U. [omid:ra/06308251732]; Juillot, P. [omid:ra/06308251733]; Le Bihan, A.-C. [omid:ra/06308251734]; Van Hove, P. [omid:ra/06308251735]; Fassi, F. [orcid:0000-0002-6423-7213 omid:ra/0614011304665]; Mercier, D. [omid:ra/06308251736]; Beauceron, S. [omid:ra/06308251737]; Beaupere, N. [omid:ra/06308251738]; Bondu, O. [omid:ra/06308251739]; Boudoul, G. [omid:ra/06308251740]; Chasserat, J. [omid:ra/06308251741]; Chierici, R. [omid:ra/06308251742]; Contardo, D. [omid:ra/06308251743]; Depasse, P. [omid:ra/06308251744]; El Mamouni, H. [omid:ra/06308251745]; Fay, J. [omid:ra/06308251746]; Gascon, S. [omid:ra/06308251747]; Gouzevitch, M. [omid:ra/06308251748]; Ille, B. [omid:ra/06308251749]; Kurca, T. [omid:ra/06308251750]; Lethuillier, M. [omid:ra/06308251751]; Mirabito, L. [omid:ra/06308251752]; Perries, S. [omid:ra/06308251753]; Sgandurra, L. [omid:ra/06308251754]; Sordini, V. [omid:ra/06308251755]; Tschudi, Y. [omid:ra/06308251756]; Verdier, P. [orcid:0000-0003-3090-2948 omid:ra/0611011418119]; Viret, S. [omid:ra/06308251757]; Tsamalaidze, Z. [omid:ra/06308251758]; Anagnostou, G. [omid:ra/06308251759]; Autermann, C. [omid:ra/06308251760]; Beranek, S. [omid:ra/06308251761]; Edelhoff, M. [omid:ra/06308251762]; Feld, L. [omid:ra/06308251763]; Heracleous, N. [omid:ra/06308251764]; Hindrichs, O. [omid:ra/06308251765]; Jussen, R. [omid:ra/06308251766]; Klein, K. [omid:ra/06308251767]; Merz, J. [omid:ra/06308251768]; Ostapchuk, A. [omid:ra/06308251769]; Perieanu, A. [omid:ra/06308251770]; Raupach, F. [omid:ra/06308251771]; Sammet, J. [omid:ra/06308251772]; Schael, S. [omid:ra/06308251773]; Sprenger, D. [omid:ra/06308251774]; Weber, H. [omid:ra/06308251775]; Wittmer, B. [omid:ra/06308251776]; Zhukov, V. [omid:ra/06308251777]; Ata, M. [omid:ra/06308251778]; Caudron, J. [omid:ra/06308251779]; Dietz-Laursonn, E. [omid:ra/06308251780]; Duchardt, D. [omid:ra/06308251781]; Erdmann, M. [omid:ra/06308251782]; Fischer, R. [omid:ra/06308251783]; GÃ¼th, A. [omid:ra/06308251784]; Hebbeker, T. [omid:ra/06308251785]; Heidemann, C. [omid:ra/06308251786]; Hoepfner, K. [omid:ra/06308251787]; Klingebiel, D. [omid:ra/06308251788]; Kreuzer, P. [omid:ra/06308251789]; Merschmeyer, M. [omid:ra/06308251790]; Meyer, A. [omid:ra/06308251791]; Olschewski, M. [omid:ra/06308251792]; Papacz, P. [omid:ra/06308251793]; Pieta, H. [omid:ra/06308251794]; Reithler, H. [omid:ra/06308251795]; Schmitz, S.A. [omid:ra/06308251796]; Sonnenschein, L. [omid:ra/06308251797]; Steggemann, J. [omid:ra/06308251798]; Teyssier, D. [omid:ra/06308251799]; Weber, M. [omid:ra/06308251800]; Bontenackels, M. [omid:ra/06308251801]; Cherepanov, V. [omid:ra/06308251802]; Erdogan, Y. [omid:ra/06308251803]; FlÃ¼gge, G. [omid:ra/06308251804]; Geenen, H. [omid:ra/06308251805]; Geisler, M. [omid:ra/06308251806]; Haj Ahmad, W. [omid:ra/06308251807]; Hoehle, F. [omid:ra/06308251808]; Kargoll, B. [omid:ra/06308251809]; Kress, T. [omid:ra/06308251810]; Kuessel, Y. [omid:ra/06308251811]; Lingemann, J. [omid:ra/06308251812]; Nowack, A. [omid:ra/06308251813]; Perchalla, L. [omid:ra/06308251814]; Pooth, O. [omid:ra/06308251815]; Sauerland, P. [omid:ra/06308251816]; Stahl, A. [orcid:0000-0002-8369-7506 omid:ra/06011183317]; Aldaya Martin, M. [omid:ra/06308251817]; Behr, J. [omid:ra/06308251818]; Behrenhoff, W. [omid:ra/06308251819]; Behrens, U. [omid:ra/06308251820]; Bergholz, M. [omid:ra/06308251821]; Bethani, A. [omid:ra/06308251822]; Borras, K. [omid:ra/06308251823]; Burgmeier, A. [omid:ra/06308251824]; Cakir, A. [omid:ra/06308251825]; Calligaris, L. [omid:ra/06308251826]; Campbell, A. [omid:ra/06308251827]; Castro, E. [omid:ra/06308251828]; Costanza, F. [omid:ra/06308251829]; Dammann, D. [omid:ra/06308251830]; Diez Pardos, C. [omid:ra/06308251831]; Eckerlin, G. [omid:ra/06308251832]; Eckstein, D. [omid:ra/06308251833]; Flucke, G. [omid:ra/06308251834]; Geiser, A. [omid:ra/06308251835]; Glushkov, I. [omid:ra/06308251836]; Gunnellini, P. [omid:ra/06308251837]; Habib, S. [omid:ra/06308251838]; Hauk, J. [omid:ra/06308251839]; Hellwig, G. [omid:ra/06308251840]; Jung, H. [orcid:0000-0002-2964-9845 omid:ra/06011290963]; Kasemann, M. [omid:ra/06308251841]; Katsas, P. [omid:ra/06308251842]; Kleinwort, C. [omid:ra/06308251843]; Kluge, H. [omid:ra/06308251844]; Knutsson, A. [omid:ra/06308251845]; KrÃ¤mer, M. [omid:ra/06308251846]; KrÃ¼cker, D. [omid:ra/06308251847]; Kuznetsova, E. [omid:ra/06308251848]; Lange, W. [omid:ra/06308251849]; Lohmann, W. [omid:ra/06308251850]; Lutz, B. [omid:ra/06308251851]; Mankel, R. [omid:ra/06308251852]; Marfin, I. [omid:ra/06308251853]; Marienfeld, M. [omid:ra/06308251854]; Melzer-Pellmann, I.-A. [omid:ra/06308251855]; Meyer, A.B. [omid:ra/06308251856]; Mnich, J. [omid:ra/06308251857]; Mussgiller, A. [omid:ra/06308251858]; Naumann-Emme, S. [omid:ra/06308251859]; Novgorodova, O. [omid:ra/06308251860]; Olzem, J. [omid:ra/06308251861]; Perrey, H. [omid:ra/06308251862]; Petrukhin, A. [omid:ra/06308251863]; Pitzl, D. [omid:ra/06308251864]; Raspereza, A. [omid:ra/06308251865]; Ribeiro Cipriano, P.M. [omid:ra/06308251866]; Riedl, C. [omid:ra/06308251867]; Ron, E. [omid:ra/06308251868]; Rosin, M. [omid:ra/06308251869]; Salfeld-Nebgen, J. [omid:ra/06308251870]; Schmidt, R. [omid:ra/06308251871]; Schoerner-Sadenius, T. [omid:ra/06308251872]; Sen, N. [omid:ra/06308251873]; Spiridonov, A. [omid:ra/06308251874]; Stein, M. [omid:ra/06308251875]; Walsh, R. [omid:ra/06308251876]; Wissing, C. [omid:ra/06308251877]; Blobel, V. [omid:ra/06308251878]; Draeger, J. [omid:ra/06308251879]; Enderle, H. [omid:ra/06308251880]; Erfle, J. [omid:ra/06308251881]; Gebbert, U. [omid:ra/06308251882]; GÃ¶rner, M. [omid:ra/06308251883]; Hermanns, T. [omid:ra/06308251884]; HÃ¶ing, R.S. [omid:ra/06308251885]; Kaschube, K. [omid:ra/06308251886]; Kaussen, G. [omid:ra/06308251887]; Kirschenmann, H. [omid:ra/06308251888]; Klanner, R. [orcid:0000-0002-7004-9227 omid:ra/06011286524]; Lange, J. [omid:ra/06308251889]; Mura, B. [omid:ra/06308251890]; Nowak, F. [omid:ra/06308251891]; Peiffer, T. [omid:ra/06308251892]; Pietsch, N. [omid:ra/06308251893]; Rathjens, D. [omid:ra/06308251894]; Sander, C. [omid:ra/06308251895]; Schettler, H. [omid:ra/06308251896]; Schleper, P. [omid:ra/06308251897]; Schlieckau, E. [omid:ra/06308251898]; Schmidt, A. [omid:ra/06308251899]; SchrÃ¶der, M. [orcid:0000-0001-8058-9828 omid:ra/0611011417827]; Schum, T. [omid:ra/06308251900]; Seidel, M. [omid:ra/06308251901]; Sola, V. [omid:ra/06308251902]; Stadie, H. [omid:ra/06308251903]; SteinbrÃ¼ck, G. [omid:ra/06308251904]; Thomsen, J. [omid:ra/06308251905]; Vanelderen, L. [omid:ra/06308251906]; Barth, C. [omid:ra/06308251907]; Berger, J. [omid:ra/06308251908]; BÃ¶ser, C. [omid:ra/06308251909]; Chwalek, T. [omid:ra/06308251910]; De Boer, W. [omid:ra/06308251911]; Descroix, A. [omid:ra/06308251912]; Dierlamm, A. [omid:ra/06308251913]; Feindt, M. [omid:ra/06308251914]; Guthoff, M. [omid:ra/06308251915]; Hackstein, C. [omid:ra/06308251916]; Hartmann, F. [omid:ra/06308251917]; Hauth, T. [omid:ra/06308251918]; Heinrich, M. [omid:ra/06308251919]; Held, H. [omid:ra/06308251920]; Hoffmann, K.H. [omid:ra/06308251921]; Husemann, U. [omid:ra/06308251922]; Katkov, I. [omid:ra/06308251923]; Komaragiri, J.R. [omid:ra/06308251924]; Lobelle Pardo, P. [omid:ra/06308251925]; Martschei, D. [omid:ra/06308251926]; Buchmueller, Oliver [orcid:0000-0002-3293-3759 omid:ra/062023277]; MÃ¼ller, Th. [omid:ra/06308251927]; Niegel, M. [omid:ra/06308251928]; NÃ¼rnberg, A. [omid:ra/06308251929]; Oberst, O. [omid:ra/06308251930]; Oehler, A. [omid:ra/06308251931]; Ott, J. [omid:ra/06308251932]; Quast, G. [omid:ra/06308251933]; Rabbertz, K. [orcid:0000-0001-7040-9846 omid:ra/06011289499]; Ratnikov, F. [omid:ra/06308251934]; Ratnikova, N. [omid:ra/06308251935]; RÃ¶cker, S. [omid:ra/06308251936]; Schilling, F.-P. [omid:ra/06308251937]; Schott, G. [omid:ra/06308251938]; Simonis, H.J. [omid:ra/06308251939]; Stober, F.M. [omid:ra/06308251940]; Troendle, D. [omid:ra/06308251941]; Ulrich, R. [orcid:0000-0002-2535-402X omid:ra/0612011193592]; Wagner-Kuhr, J. [omid:ra/06308251942]; Wayand, S. [omid:ra/06308251943]; Weiler, T. [omid:ra/06308251944]; Zeise, M. [omid:ra/06308251945]; Daskalakis, G. [omid:ra/06308251946]; Geralis, T. [omid:ra/06308251947]; Kesisoglou, S. [omid:ra/06308251948]; Kyriakis, A. [omid:ra/06308251949]; Loukas, D. [omid:ra/06308251950]; Manolakos, I. [omid:ra/06308251951]; Markou, A. [omid:ra/06308251952]; Markou, C. [omid:ra/06308251953]; Mavrommatis, C. [omid:ra/06308251954]; Ntomari, E. [omid:ra/06308251955]; Gouskos, L. [omid:ra/06308251956]; Mertzimekis, T.J. [omid:ra/06308251957]; Panagiotou, A. [omid:ra/06308251958]; Saoulidou, N. [omid:ra/06308251959]; Evangelou, I. [omid:ra/06308251960]; Foudas, C. [omid:ra/06308251961]; Kokkas, P. [omid:ra/06308251962]; Manthos, N. [omid:ra/06308251963]; Papadopoulos, I. [omid:ra/06308251964]; Patras, V. [omid:ra/06308251965]; Bencze, G. [omid:ra/06308251966]; Hajdu, C. [omid:ra/06308251967]; Hidas, P. [omid:ra/06308251968]; Horvath, D. [omid:ra/06308251969]; Sikler, F. [omid:ra/06308251970]; Veszpremi, V. [omid:ra/06308251971]; Vesztergombi, G. [omid:ra/06308251972]; Beni, N. [omid:ra/06308251973]; Czellar, S. [omid:ra/06308251974]; Molnar, J. [omid:ra/06308251975]; Palinkas, J. [omid:ra/06308251976]; Szillasi, Z. [omid:ra/06308251977]; Karancsi, J. [omid:ra/06308251978]; Raics, P. [omid:ra/06308251979]; Trocsanyi, Z.L. [omid:ra/06308251980]; Ujvari, B. [omid:ra/06308251981]; Beri, S.B. [omid:ra/06308251982]; Bhatnagar, V. [omid:ra/06308251983]; Dhingra, N. [omid:ra/06308251984]; Gupta, R. [omid:ra/06308251985]; Kaur, M. [omid:ra/06308251986]; Mehta, M.Z. [omid:ra/06308251987]; Nishu, N. [omid:ra/06308251988]; Saini, L.K. [omid:ra/06308251989]; Sharma, A. [omid:ra/06308251990]; Singh, J.B. [omid:ra/06308251991]; Kumar, Ashok [omid:ra/06308251992]; Kumar, A. [orcid:0000-0003-3407-4094 omid:ra/06011289386]; Ahuja, S. [omid:ra/06308251993]; Bhardwaj, A. [omid:ra/06308251994]; Choudhary, B.C. [omid:ra/06308251995]; Malhotra, S. [omid:ra/06308251996]; Naimuddin, M. [orcid:0000-0003-4542-386X omid:ra/0612011193687]; Ranjan, K. [omid:ra/06308251997]; Sharma, V. [omid:ra/06308251998]; Shivpuri, R.K. [omid:ra/06308251999]; Banerjee, S. [omid:ra/06308252000]; Bhattacharya, S. [omid:ra/06308252001]; Dutta, S. [omid:ra/06308252002]; Gomber, B. [omid:ra/06308252003]; Jain, Sa. [omid:ra/06308252004]; Jain, Sh. [omid:ra/06308252005]; Khurana, R. [omid:ra/06308252006]; Sarkar, S. [omid:ra/06308252007]; Sharan, M. [omid:ra/06308252008]; Abdulsalam, A. [omid:ra/06308252009]; Choudhury, R.K. [omid:ra/06308252010]; Dutta, D. [omid:ra/06308252011]; Kailas, S. [omid:ra/06308252012]; Kumar, V. [omid:ra/06308252013]; Mehta, P. [omid:ra/06308252014]; Mohanty, A.K. [omid:ra/06308252015]; Pant, L.M. [omid:ra/06308252016]; Shukla, P. [omid:ra/06308252017]; Aziz, T. [omid:ra/06308252018]; Ganguly, S. [omid:ra/06308252019]; Guchait, M. [omid:ra/06308252020]; Maity, M. [omid:ra/06308252021]; Majumder, G. [omid:ra/06308252022]; Mazumdar, K. [omid:ra/06308252023]; Mohanty, G.B. [omid:ra/06308252024]; Parida, B. [omid:ra/06308252025]; Sudhakar, K. [omid:ra/06308252026]; Wickramage, N. [omid:ra/06308252027]; Banerjee, S. [omid:ra/06308252028]; Dugad, S. [omid:ra/06308252029]; Arfaei, H. [omid:ra/06308252030]; Bakhshiansohi, H. [omid:ra/06308252031]; Etesami, S.M. [omid:ra/06308252032]; Fahim, Ali [orcid:0000-0001-5736-6001 omid:ra/067029707]; Hashemi, M. [omid:ra/06308252033]; Hesari, Hoda [orcid:0000-0001-8859-1834 omid:ra/0623072827]; Jafari, A. [orcid:0000-0001-7327-1870 omid:ra/06011291039]; Khakzad, M. [omid:ra/06308252034]; Mohammadi Najafabadi, M. [omid:ra/06308252035]; Paktinat Mehdiabadi, S. [omid:ra/06308252036]; Safarzadeh, B. [omid:ra/06308252037]; Zeinali, M. [omid:ra/06308252038]; Abbrescia, M. [omid:ra/06308252039]; Barbone, L. [omid:ra/06308252040]; Calabria, C. [omid:ra/06308252041]; Chhibra, S.S. [omid:ra/06308252042]; Colaleo, Anna [orcid:0000-0002-0711-6319 omid:ra/06011290901]; Creanza, D. [omid:ra/06308252043]; De Filippis, N. [omid:ra/06308252044]; De Palma, M. [omid:ra/06308252045]; Fiore, L. [omid:ra/06308252046]; Iaselli, G. [omid:ra/06308252047]; Lusito, L. [omid:ra/06308252048]; Maggi, G. [omid:ra/06308252049]; Maggi, M. [omid:ra/06308252050]; Marangelli, B. [omid:ra/06308252051]; My, S. [orcid:0000-0002-9938-2680 omid:ra/06011183612]; Nuzzo, S. [omid:ra/06308252052]; Pacifico, N. [omid:ra/06308252053]; Pompili, A. [omid:ra/06308252054]; Pugliese, G. [omid:ra/06308252055]; Selvaggi, G. [omid:ra/06308252056]; Silvestris, L. [orcid:0000-0002-8985-4891 omid:ra/0612011193777]; Singh, G. [omid:ra/06308252057]; Venditti, R. [omid:ra/06308252058]; Zito, G. [omid:ra/06308252059]; Abbiendi, G. [orcid:0000-0003-4499-7562 omid:ra/06011289334]; Benvenuti, A.C. [omid:ra/06308252060]; Bonacorsi, D. [omid:ra/06308252061]; Braibant-Giacomelli, S. [omid:ra/06308252062]; Brigliadori, L. [omid:ra/06308252063]; Capiluppi, P. [omid:ra/06308252064]; Castro, A. [omid:ra/06308252065]; Cavallo, F.R. [omid:ra/06308252066]; Cuffiani, M. [omid:ra/06308252067]; Dallavalle, G.M. [omid:ra/06308252068]; Fabbri, F. [omid:ra/06308252069]; Fanfani, A. [omid:ra/06308252070]; Fasanella, D. [omid:ra/06308252071]; Giacomelli, P. [omid:ra/06308252072]; Grandi, C. [orcid:0000-0001-5998-3070 omid:ra/06011290001]; Guiducci, L. [omid:ra/06308252073]; Marcellini, S. [omid:ra/06308252074]; Masetti, G. [omid:ra/06308252075]; Meneghelli, M. [omid:ra/06308252076]; Montanari, A. [omid:ra/06308252077]; Navarria, F.L. [omid:ra/06308252078]; Odorici, F. [omid:ra/06308252079]; Perrotta, A. [omid:ra/06308252080]; Primavera, F. [omid:ra/06308252081]; Rossi, A.M. [omid:ra/06308252082]; Rovelli, T. [omid:ra/06308252083]; Siroli, G.P. [omid:ra/06308252084]; Travaglini, R. [omid:ra/06308252085]; Albergo, S. [omid:ra/06308252086]; Cappello, G. [omid:ra/06308252087]; Chiorboli, M. [omid:ra/06308252088]; Costa, S. [omid:ra/06308252089]; Potenza, R. [omid:ra/06308252090]; Tricomi, A. [omid:ra/06308252091]; Tuve, C. [omid:ra/06308252092]; Barbagli, G. [omid:ra/06308252093]; Ciulli, V. [omid:ra/06308252094]; Civinini, C. [omid:ra/06308252095]; DÊ¼Alessandro, R. [omid:ra/06308252096]; Focardi, E. [omid:ra/06308252097]; Frosali, S. [omid:ra/06308252098]; Gallo, E. [omid:ra/06308252099]; Gonzi, S. [orcid:0000-0003-4754-645X omid:ra/0612011211700]; Meschini, M. [omid:ra/06308252100]; Paoletti, S. [omid:ra/06308252101]; Sguazzoni, G. [omid:ra/06308252102]; Tropiano, A. [omid:ra/06308252103]; Benussi, L. [orcid:0000-0002-2363-8889 omid:ra/06011289308]; Bianco, S. [omid:ra/06308252104]; Colafranceschi, Stefano [orcid:0000-0002-7335-6417 omid:ra/062011548565]; Fabbri, F. [omid:ra/06308252105]; Piccolo, D. [omid:ra/06308252106]; Fabbricatore, P. [omid:ra/06308252107]; Musenich, R. [omid:ra/06308252108]; Tosi, S. [omid:ra/06308252109]; Benaglia, A. [omid:ra/06308252110]; De Guio, F. [orcid:0000-0001-5927-8865 omid:ra/0611011416427]; Di Matteo, L. [omid:ra/06308252111]; Fiorendi, S. [omid:ra/06308252112]; Gennai, S. [omid:ra/06308252113]; Ghezzi, A. [omid:ra/06308252114]; Malvezzi, S. [omid:ra/06308252115]; Manzoni, R.A. [omid:ra/06308252116]; Martelli, A. [omid:ra/06308252117]; Massironi, A. [omid:ra/06308252118]; Menasce, D. [omid:ra/06308252119]; Moroni, L. [omid:ra/06308252120]; Paganoni, M. [omid:ra/06308252121]; Pedrini, D. [orcid:0000-0003-2414-4175 omid:ra/0612011193859]; Ragazzi, S. [omid:ra/06308252122]; Redaelli, N. [omid:ra/06308252123]; Sala, S. [omid:ra/06308252124]; Tabarelli De Fatis, T. [omid:ra/06308252125]; Buontempo, S. [omid:ra/06308252126]; Carrillo Montoya, C.A. [omid:ra/06308252127]; Cavallo, N. [omid:ra/06308252128]; De Cosa, A. [omid:ra/06308252129]; Dogangun, O. [omid:ra/06308252130]; Fabozzi, F. [omid:ra/06308252131]; Iorio, A.O.M. [omid:ra/06308252132]; Lista, L. [omid:ra/06308252133]; Meola, S. [omid:ra/06308252134]; Merola, M. [omid:ra/06308252135]; Paolucci, P. [omid:ra/06308252136]; Azzi, P. [omid:ra/06308252137]; Bacchetta, N. [omid:ra/06308252138]; Bisello, D. [omid:ra/06308252139]; Branca, Antonio [orcid:0000-0001-8813-2128 omid:ra/0625010743120]; Carlin, R. [omid:ra/06308252140]; Checchia, P. [omid:ra/06308252141]; Dorigo, T. [omid:ra/06308252142]; Dosselli, U. [omid:ra/06308252143]; Gasparini, F. [omid:ra/06308252144]; Gasparini, U. [omid:ra/06308252145]; Gozzelino, A. [omid:ra/06308252146]; Kanishchev, K. [omid:ra/06308252147]; Lacaprara, S. [omid:ra/06308252148]; Lazzizzera, I. [omid:ra/06308252149]; Margoni, M. [omid:ra/06308252150]; Meneguzzo, A.T. [omid:ra/06308252151]; Pazzini, J. [omid:ra/06308252152]; Pozzobon, Nicola [orcid:0000-0002-9674-0809 omid:ra/06011291212]; Ronchese, P. [omid:ra/06308252153]; Simonetto, F. [omid:ra/06308252154]; Torassa, E. [omid:ra/06308252155]; Tosi, M. [omid:ra/06308252156]; Vanini, S. [omid:ra/06308252157]; Zotto, P. [omid:ra/06308252158]; Zumerle, G. [omid:ra/06308252159]; Gabusi, M. [omid:ra/06308252160]; Ratti, S.P. [omid:ra/06308252161]; Riccardi, C. [omid:ra/06308252162]; Torre, P. [omid:ra/06308252163]; Vitulo, P. [omid:ra/06308252164]; Biasini, M. [omid:ra/06308252165]; Bilei, G.M. [omid:ra/06308252166]; FanÃ², L. [omid:ra/06308252167]; Lariccia, P. [omid:ra/06308252168]; Mantovani, G. [omid:ra/06308252169]; Menichelli, M. [omid:ra/06308252170]; Nappi, A. [omid:ra/06308252171]; Romeo, F. [omid:ra/06308252172]; Saha, A. [omid:ra/06308252173]; Santocchia, A. [omid:ra/06308252174]; Spiezia, A. [omid:ra/06308252175]; Taroni, S. [omid:ra/06308252176]; Azzurri, P. [orcid:0000-0002-1717-5654 omid:ra/0612011193928]; Bagliesi, G. [omid:ra/06308252177]; Bernardini, J. [omid:ra/06308252178]; Boccali, T. [omid:ra/06308252179]; Broccolo, G. [omid:ra/06308252180]; Castaldi, R. [omid:ra/06308252181]; DÊ¼Agnolo, R.T. [omid:ra/06308252182]; DellÊ¼Orso, R. [omid:ra/06308252183]; Fiori, F. [orcid:0000-0001-8770-9343 omid:ra/066012446197]; FoÃ , L. [omid:ra/06308252184]; Giassi, A. [omid:ra/06308252185]; Kraan, A. [omid:ra/06308252186]; Ligabue, F. [omid:ra/06308252187]; Lomtadze, T. [omid:ra/06308252188]; Martini, L. [omid:ra/06308252189]; Messineo, A. [omid:ra/06308252190]; Palla, F. [omid:ra/06308252191]; Rizzi, A. [orcid:0000-0002-4543-2718 omid:ra/061010610193]; Serban, A.T. [omid:ra/06308252192]; Spagnolo, P. [orcid:0000-0001-7962-5203 omid:ra/0612011193954]; Squillacioti, P. [omid:ra/06308252193]; Tenchini, R. [omid:ra/06308252194]; Tonelli, G. [omid:ra/06308252195]; Venturi, A. [omid:ra/06308252196]; Verdini, P.G. [omid:ra/06308252197]; Barone, L. [omid:ra/06308252198]; Cavallari, F. [omid:ra/06308252199]; Del Re, D. [omid:ra/06308252200]; Diemoz, M. [omid:ra/06308252201]; Fanelli, C. [omid:ra/06308252202]; Grassi, M. [omid:ra/06308252203]; Longo, E. [omid:ra/06308252204]; Meridiani, P. [orcid:0000-0002-8480-2259 omid:ra/0612011193967]; Micheli, F. [omid:ra/06308252205]; Nourbakhsh, S. [omid:ra/06308252206]; Organtini, G. [omid:ra/06308252207]; Paramatti, R. [omid:ra/06308252208]; Rahatlou, S. [omid:ra/06308252209]; Sigamani, M. [omid:ra/06308252210]; Soffi, L. [omid:ra/06308252211]; Amapane, N. [omid:ra/06308252212]; Arcidiacono, Roberta [orcid:0000-0001-5904-142X omid:ra/0612011193978]; Argiro, S. [omid:ra/06308252213]; Arneodo, M. [orcid:0000-0002-7790-7132 omid:ra/06011290199]; Biino, C. [omid:ra/06308252214]; Cartiglia, N. [omid:ra/06308252215]; Costa, M. [omid:ra/06308252216]; Demaria, N. [omid:ra/06308252217]; Mariotti, C. [omid:ra/06308252218]; Maselli, S. [omid:ra/06308252219]; Migliore, E. [omid:ra/06308252220]; Monaco, V. [omid:ra/06308252221]; Musich, M. [omid:ra/06308252222]; Obertino, M.M. [omid:ra/06308252223]; Pastrone, N. [omid:ra/06308252224]; Pelliccioni, M. [omid:ra/06308252225]; Potenza, A. [omid:ra/06308252226]; Romero, A. [omid:ra/06308252227]; Sacchi, R. [omid:ra/06308252228]; Solano, A. [omid:ra/06308252229]; Staiano, A. [orcid:0000-0003-1803-624X omid:ra/0612011194010]; Pereira, A. Vilela [orcid:0000-0003-3177-4626 omid:ra/06011183057]; Visca, L. [omid:ra/06308252230]; Belforte, S. [orcid:0000-0001-8443-4460 omid:ra/061010610252]; Candelise, V. [omid:ra/06308252231]; Casarsa, Massimo [orcid:0000-0002-1353-8964 omid:ra/0612011194019]; Cossutti, F. [omid:ra/06308252232]; Ricca, G. Della [orcid:0000-0003-2831-6982 omid:ra/061010610257]; Gobbo, B. [omid:ra/06308252233]; Marone, M. [omid:ra/06308252234]; Montanino, D. [omid:ra/06308252235]; Penzo, A. [omid:ra/06308252236]; Schizzi, A. [omid:ra/06308252237]; Heo, S.G. [omid:ra/06308252238]; Kim, T.Y. [omid:ra/06308252239]; Nam, S.K. [omid:ra/06308252240]; Chang, S. [omid:ra/06308252241]; Kim, D.H. [omid:ra/06308252242]; Kim, G.N. [omid:ra/06308252243]; Kong, D.J. [omid:ra/06308252244]; Park, H. [omid:ra/06308252245]; DâAlessandro, R. [orcid:0000-0001-7997-0306 omid:ra/06011183657]; Son, D.C. [omid:ra/06308252246]; Son, T. [omid:ra/06308252247]; Kim, J.Y. [omid:ra/06308252248]; Kim, Zero J. [omid:ra/06308252249]; Song, S. [omid:ra/06308252250]; Choi, S. [omid:ra/06308252251]; Gyun, D. [omid:ra/06308252252]; Hong, B. [omid:ra/06308252253]; Jo, M. [omid:ra/06308252254]; Kim, H. [omid:ra/06308252255]; Kim, T.J. [omid:ra/06308252256]; Lee, K.S. [omid:ra/06308252257]; Moon, D.H. [omid:ra/06308252258]; Park, S.K. [omid:ra/06308252259]; Choi, M. [omid:ra/06308252260]; Kim, J.H. [omid:ra/06308252261]; Park, C. [omid:ra/06308252262]; Park, I.C. [omid:ra/06308252263]; Park, S. [omid:ra/06308252264]; Ryu, G. [omid:ra/06308252265]; Cho, Y. [omid:ra/06308252266]; Choi, Y. [omid:ra/06308252267]; Choi, Y.K. [omid:ra/06308252268]; Goh, J. [orcid:0000-0002-1129-2083 omid:ra/06011183852]; Kim, M.S. [omid:ra/06308252269]; Kwon, E. [omid:ra/06308252270]; Lee, B. [omid:ra/06308252271]; Lee, J. [omid:ra/06308252272]; Lee, S. [omid:ra/06308252273]; Seo, H. [omid:ra/06308252274]; Yu, I. [omid:ra/06308252275]; Bilinskas, M.J. [omid:ra/06308252276]; Grigelionis, I. [omid:ra/06308252277]; Janulis, M. [omid:ra/06308252278]; Juodagalvis, A. [omid:ra/06308252279]; Castilla-Valdez, H. [omid:ra/06308252280]; De La Cruz-Burelo, E. [omid:ra/06308252281]; Heredia-de La Cruz, I. [omid:ra/06308252282]; Lopez-Fernandez, R. [omid:ra/06308252283]; MagaÃ±a Villalba, R. [omid:ra/06308252284]; MartÃ­nez-Ortega, J. [omid:ra/06308252285]; SÃ¡nchez-HernÃ¡ndez, A. [omid:ra/06308252286]; Villasenor-Cendejas, L.M. [omid:ra/06308252287]; Carrillo Moreno, S. [omid:ra/06308252288]; Vazquez Valencia, F. [omid:ra/06308252289]; Salazar Ibarguen, H.A. [omid:ra/06308252290]; Casimiro Linares, E. [omid:ra/06308252291]; Morelos Pineda, A. [omid:ra/06308252292]; Reyes-Santos, M.A. [omid:ra/06308252293]; Krofcheck, D. [omid:ra/06308252294]; Bell, A.J. [omid:ra/06308252295]; Butler, P.H. [omid:ra/06308252296]; Doesburg, R. [omid:ra/06308252297]; Reucroft, S. [omid:ra/06308252298]; Silverwood, H. [omid:ra/06308252299]; Ahmad, M. [omid:ra/06308252300]; Ansari, M.H. [omid:ra/06308252301]; Asghar, M.I. [omid:ra/06308252302]; Hoorani, H.R. [omid:ra/06308252303]; Khalid, S. [omid:ra/06308252304]; Khan, W.A. [omid:ra/06308252305]; Khurshid, T. [omid:ra/06308252306]; Qazi, S. [omid:ra/06308252307]; Shah, M.A. [omid:ra/06308252308]; Shoaib, M. [omid:ra/06308252309]; Bialkowska, H. [omid:ra/06308252310]; Boimska, B. [orcid:0000-0002-4200-1541 omid:ra/06011290780]; Frueboes, T. [omid:ra/06308252311]; Gokieli, R. [omid:ra/06308252312]; GÃ³rski, M. [omid:ra/06308252313]; Kazana, M. [omid:ra/06308252314]; Nawrocki, K. [omid:ra/06308252315]; Romanowska-Rybinska, K. [omid:ra/06308252316]; Szleper, M. [orcid:0000-0002-1697-004X omid:ra/06011290550]; Wrochna, G. [omid:ra/06308252317]; Zalewski, P. [orcid:0000-0003-4429-2888 omid:ra/06011289583]; Brona, G. [omid:ra/06308252318]; Bunkowski, K. [omid:ra/06308252319]; Cwiok, M. [omid:ra/06308252320]; Dominik, Wojciech [orcid:0000-0001-7444-9239 omid:ra/061209461678]; Doroba, K. [omid:ra/06308252321]; Kalinowski, A. [omid:ra/06308252322]; Konecki, M. [omid:ra/06308252323]; Krolikowski, J. [omid:ra/06308252324]; Almeida, N. [omid:ra/06308252325]; Bargassa, P. [omid:ra/06308252326]; David, A. [omid:ra/06308252327]; Faccioli, P. [omid:ra/06308252328]; Ferreira Parracho, P.G. [omid:ra/06308252329]; Gallinaro, M. [omid:ra/06308252330]; Seixas, J. [orcid:0000-0002-7531-0842 omid:ra/0612011194160]; Varela, J. [omid:ra/06308252331]; Vischia, Pietro [orcid:0000-0002-7088-8557 omid:ra/06011290010]; Belotelov, I. [omid:ra/06308252332]; Golutvin, I. [omid:ra/06308252333]; Gorbunov, I. [omid:ra/06308252334]; Kamenev, A. [omid:ra/06308252335]; Karjavin, V. [omid:ra/06308252336]; Konoplyanikov, V. [omid:ra/06308252337]; Kozlov, G. [omid:ra/06308252338]; Lanev, A. [omid:ra/06308252339]; Malakhov, A. [omid:ra/06308252340]; Moisenz, P. [omid:ra/06308252341]; Palichik, V. [omid:ra/06308252342]; Perelygin, V. [omid:ra/06308252343]; Savina, M. [omid:ra/06308252344]; Shmatov, S. [omid:ra/06308252345]; Smirnov, V. [omid:ra/06308252346]; Volodko, A. [omid:ra/06308252347]; Zarubin, A. [omid:ra/06308252348]; Evstyukhin, S. [omid:ra/06308252349]; Golovtsov, V. [omid:ra/06308252350]; Ivanov, Y. [omid:ra/06308252351]; Kim, V. [omid:ra/06308252352]; Levchenko, P. [omid:ra/06308252353]; Murzin, V. [omid:ra/06308252354]; Oreshkin, V. [omid:ra/06308252355]; Smirnov, I. [omid:ra/06308252356]; Sulimov, V. [omid:ra/06308252357]; Uvarov, L. [omid:ra/06308252358]; Vavilov, S. [omid:ra/06308252359]; Vorobyev, A. [omid:ra/06308252360]; Vorobyev, An. [omid:ra/06308252361]; Andreev, Yu. [omid:ra/06308252362]; Dermenev, A. [omid:ra/06308252363]; Gninenko, S. [omid:ra/06308252364]; Golubev, N. [omid:ra/06308252365]; Kirsanov, M. [omid:ra/06308252366]; Krasnikov, N. [omid:ra/06308252367]; Matveev, V. [omid:ra/06308252368]; Pashenkov, A. [omid:ra/06308252369]; Tlisov, D. [omid:ra/06308252370]; Toropin, A. [omid:ra/06308252371]; Epshteyn, V. [omid:ra/06308252372]; Erofeeva, M. [omid:ra/06308252373]; Gavrilov, V. [omid:ra/06308252374]; Kossov, M. [omid:ra/06308252375]; Lychkovskaya, N. [omid:ra/06308252376]; Popov, V. [omid:ra/06308252377]; Safronov, G. [omid:ra/06308252378]; Semenov, S. [omid:ra/06308252379]; Stolin, V. [omid:ra/06308252380]; Vlasov, E. [omid:ra/06308252381]; Zhokin, A. [omid:ra/06308252382]; Belyaev, A. [omid:ra/06308252383]; Boos, E. [omid:ra/06308252384]; Dubinin, M. [orcid:0000-0002-7766-7175 omid:ra/06011183975]; Dudko, L. [omid:ra/06308252385]; Ershov, A. [omid:ra/06308252386]; Gribushin, A. [omid:ra/06308252387]; Klyukhin, V. [omid:ra/06308252388]; Kodolova, O. [omid:ra/06308252389]; Lokhtin, I. [omid:ra/06308252390]; Markina, A. [omid:ra/06308252391]; Obraztsov, S. [omid:ra/06308252392]; Perfilov, M. [omid:ra/06308252393]; Petrushanko, S. [omid:ra/06308252394]; Popov, A. [omid:ra/06308252395]; Sarycheva, L. [omid:ra/06308252396]; Savrin, V. [omid:ra/06308252397]; Snigirev, A. [omid:ra/06308252398]; Andreev, V. [omid:ra/06308252399]; Azarkin, M. [omid:ra/06308252400]; Dremin, I. [omid:ra/06308252401]; Kirakosyan, M. [omid:ra/06308252402]; Leonidov, A. [omid:ra/06308252403]; Mesyats, G. [omid:ra/06308252404]; Rusakov, S.V. [omid:ra/06308252405]; Vinogradov, A. [omid:ra/06308252406]; Azhgirey, I. [omid:ra/06308252407]; Bayshev, I. [omid:ra/06308252408]; Bitioukov, S. [omid:ra/06308252409]; Grishin, V. [omid:ra/06308252410]; Kachanov, V. [omid:ra/06308252411]; Konstantinov, D. [omid:ra/06308252412]; Krychkine, V. [omid:ra/06308252413]; Petrov, V. [omid:ra/06308252414]; Ryutin, R. [omid:ra/06308252415]; Sobol, A. [omid:ra/06308252416]; Tourtchanovitch, L. [omid:ra/06308252417]; Troshin, S. [omid:ra/06308252418]; Tyurin, N. [omid:ra/06308252419]; Uzunian, A. [omid:ra/06308252420]; Volkov, A. [omid:ra/06308252421]; Adzic, P. [omid:ra/06308252422]; Djordjevic, M. [omid:ra/06308252423]; Ekmedzic, M. [omid:ra/06308252424]; Krpic, D. [omid:ra/06308252425]; Milosevic, J. [orcid:0000-0001-8486-4604 omid:ra/06011289603]; Aguilar-Benitez, M. [omid:ra/06308252426]; Alcaraz Maestre, J. [omid:ra/06308252427]; Arce, P. [omid:ra/06308252428]; Battilana, C. [orcid:0000-0002-3753-3068 omid:ra/06011289466]; Alamillo, E Calvo [orcid:0000-0002-1100-2963 omid:ra/06480505293]; Cerrada, M. [omid:ra/06308252429]; Chamizo Llatas, M. [omid:ra/06308252430]; Colino, N. [omid:ra/06308252431]; La Cruz, I. Heredia-De [orcid:0000-0002-8133-6467 omid:ra/061011600831]; Peris, A. Delgado [orcid:0000-0002-8511-7958 omid:ra/06011184009]; DomÃ­nguez VÃ¡zquez, D. [omid:ra/06308252432]; Fernandez Bedoya, C. [omid:ra/06308252433]; FernÃ¡ndez Ramos, J.P. [omid:ra/06308252434]; Ferrando, A. [omid:ra/06308252435]; Flix, J. [omid:ra/06308252436]; Fouz, M. C. [orcid:0000-0003-2950-976X omid:ra/0611011416626]; Garcia-Abia, P. [omid:ra/06308252437]; Gonzalez Lopez, O. [omid:ra/06308252438]; Goy Lopez, S. [omid:ra/06308252439]; Hernandez, J.M. [omid:ra/06308252440]; Josa, M.I. [omid:ra/06308252441]; Merino ArÃ©valo, Gonzalo [orcid:0000-0002-9540-5742 omid:ra/0623010832614]; Puerta Pelayo, J. [omid:ra/06308252442]; Quintario Olmeda, A. [omid:ra/06308252443]; Redondo, I. [orcid:0000-0003-3737-4121 omid:ra/0612011194188]; Romero, L. [omid:ra/06308252444]; Santaolalla, J. [omid:ra/06308252445]; Soares, M.S. [omid:ra/06308252446]; Willmott, C. [omid:ra/06308252447]; Albajar, C. [omid:ra/06308252448]; Codispoti, G. [omid:ra/06308252449]; De TrocÃ³niz, J.F. [omid:ra/06308252450]; Brun, H. [omid:ra/06308252451]; Cuevas, J. [omid:ra/06308252452]; Fernandez Menendez, J. [omid:ra/06308252453]; Folgueras, S. [omid:ra/06308252454]; Gonzalez Caballero, I. [omid:ra/06308252455]; Lloret Iglesias, L. [omid:ra/06308252456]; Piedra Gomez, J. [omid:ra/06308252457]; Brochero Cifuentes, J.A. [omid:ra/06308252458]; Cabrillo, I.J. [omid:ra/06308252459]; Calderon, A. [omid:ra/06308252460]; Chuang, S.H. [omid:ra/06308252461]; Duarte Campderros, J. [omid:ra/06308252462]; Felcini, M. [orcid:0000-0002-2051-9331 omid:ra/0613010758557]; Fernandez, M. [omid:ra/06308252463]; Gomez, G. [omid:ra/06308252464]; Gonzalez Sanchez, J. [omid:ra/06308252465]; Graziano, A. [omid:ra/06308252466]; Jorda, C. [omid:ra/06308252467]; Lopez Virto, A. [omid:ra/06308252468]; Marco, J. [omid:ra/06308252469]; Marco, R. [omid:ra/06308252470]; Martinez Rivero, C. [omid:ra/06308252471]; Matorras, F. [omid:ra/06308252472]; Munoz Sanchez, F.J. [omid:ra/06308252473]; Rodrigo, T. [omid:ra/06308252474]; RodrÃ­guez-Marrero, A.Y. [omid:ra/06308252475]; Ruiz-Jimeno, A. [omid:ra/06308252476]; Scodellaro, L. [omid:ra/06308252477]; Vila, I. [omid:ra/06308252478]; Vilar Cortabitarte, R. [omid:ra/06308252479]; Abbaneo, D. [omid:ra/06308252480]; Auffray, E. [omid:ra/06308252481]; Auzinger, G. [omid:ra/06308252482]; Bachtis, M. [orcid:0000-0003-3110-0701 omid:ra/0612011194643]; Baillon, P. [omid:ra/06308252483]; Ball, A.H. [omid:ra/06308252484]; Barney, D. [omid:ra/06308252485]; Benitez, J.F. [omid:ra/06308252486]; Bernet, C. [orcid:0000-0002-9923-8734 omid:ra/0611011416111]; Bianchi, G. [omid:ra/06308252487]; Bloch, P. [omid:ra/06308252488]; Bocci, A. [omid:ra/06308252489]; Bonato, A. [omid:ra/06308252490]; Botta, C. [omid:ra/06308252491]; Breuker, H. [omid:ra/06308252492]; Camporesi, T. [omid:ra/06308252493]; Cerminara, G. [omid:ra/06308252494]; Christiansen, T. [omid:ra/06308252495]; Coarasa Perez, J.A. [omid:ra/06308252496]; DÊ¼Enterria, D. [omid:ra/06308252497]; Dabrowski, A. [omid:ra/06308252498]; De Roeck, A. [omid:ra/06308252499]; Di Guida, S. [omid:ra/06308252500]; Dobson, M. [omid:ra/06308252501]; Dupont-Sagorin, N. [omid:ra/06308252502]; Elliott-Peisert, A. [omid:ra/06308252503]; Frisch, B. [omid:ra/06308252504]; Funk, W. [omid:ra/06308252505]; Georgiou, G. [omid:ra/06308252506]; Giffels, M. [omid:ra/06308252507]; Gigi, D. [omid:ra/06308252508]; Gill, K. [omid:ra/06308252509]; Giordano, D. [omid:ra/06308252510]; Girone, M. [omid:ra/06308252511]; Giunta, M. [omid:ra/06308252512]; Glege, F. [omid:ra/06308252513]; Gomez-Reino Garrido, R. [omid:ra/06308252514]; Govoni, P. [orcid:0000-0002-0227-1301 omid:ra/06011183678]; Gowdy, S. [omid:ra/06308252515]; Guida, R. [omid:ra/06308252516]; Hansen, M. [omid:ra/06308252517]; Harris, P. [omid:ra/06308252518]; Hartl, C. [omid:ra/06308252519]; Harvey, J. [omid:ra/06308252520]; Hegner, B. [omid:ra/06308252521]; Hinzmann, A. [omid:ra/06308252522]; Innocente, V. [omid:ra/06308252523]; Janot, P. [omid:ra/06308252524]; Kaadze, K. [omid:ra/06308252525]; Karavakis, E. [omid:ra/06308252526]; Kousouris, K. [omid:ra/06308252527]; Lecoq, P. [omid:ra/06308252528]; Lee, Y.-J. [omid:ra/06308252529]; Lenzi, P. [omid:ra/06308252530]; LourenÃ§o, C. [omid:ra/06308252531]; Magini, N. [omid:ra/06308252532]; MÃ¤ki, T. [omid:ra/06308252533]; Malberti, M. [omid:ra/06308252534]; Malgeri, L. [omid:ra/06308252535]; Mannelli, M. [omid:ra/06308252536]; Masetti, L. [omid:ra/06308252537]; Meijers, F. [omid:ra/06308252538]; Mersi, S. [omid:ra/06308252539]; Meschi, E. [omid:ra/06308252540]; Moser, R. [omid:ra/06308252541]; Mozer, M.U. [omid:ra/06308252542]; Mulders, M. [omid:ra/06308252543]; Musella, P. [omid:ra/06308252544]; Nesvold, E. [omid:ra/06308252545]; Orimoto, T. [omid:ra/06308252546]; Orsini, L. [omid:ra/06308252547]; Cortezon, E. Palencia [orcid:0000-0001-8264-0287 omid:ra/061010610525]; Perez, E. [omid:ra/06308252548]; Perrozzi, L. [omid:ra/06308252549]; Petrilli, A. [omid:ra/06308252550]; Pfeiffer, A. [orcid:0000-0001-5328-448X omid:ra/0612011194303]; Pierini, M. [omid:ra/06308252551]; PimiÃ¤, M. [omid:ra/06308252552]; Piparo, D. [omid:ra/06308252553]; Polese, G. [omid:ra/06308252554]; Quertenmont, L. [omid:ra/06308252555]; Racz, A. [omid:ra/06308252556]; Reece, W. [omid:ra/06308252557]; Rodrigues Antunes, J. [omid:ra/06308252558]; Rolandi, G. [omid:ra/06308252559]; Rovelli, C. [omid:ra/06308252560]; Rovere, M. [omid:ra/06308252561]; Sakulin, H. [omid:ra/06308252562]; Santanastasio, F. [omid:ra/06308252563]; SchÃ¤fer, C. [omid:ra/06308252564]; Schwick, C. [omid:ra/06308252565]; Segoni, I. [omid:ra/06308252566]; Sekmen, S. [omid:ra/06308252567]; Sharma, A. [omid:ra/06308252568]; Siegrist, P. [omid:ra/06308252569]; Silva, P. [omid:ra/06308252570]; Simon, M. [omid:ra/06308252571]; Sphicas, P. [omid:ra/06308252572]; Spiga, D. [omid:ra/06308252573]; Tsirou, A. [omid:ra/06308252574]; Veres, G.I. [omid:ra/06308252575]; Vlimant, J.R. [omid:ra/06308252576]; WÃ¶hri, H.K. [omid:ra/06308252577]; Worm, Steven [orcid:0000-0002-3865-4996 omid:ra/06011289719]; Zeuner, W.D. [omid:ra/06308252578]; Bertl, W. [omid:ra/06308252579]; Deiters, K. [omid:ra/06308252580]; Erdmann, W. [omid:ra/06308252581]; Gabathuler, K. [omid:ra/06308252582]; Horisberger, R. [omid:ra/06308252583]; Ingram, Q. [omid:ra/06308252584]; Kaestli, H.C. [omid:ra/06308252585]; KÃ¶nig, S. [omid:ra/06308252586]; Kotlinski, D. [omid:ra/06308252587]; Langenegger, U. [omid:ra/06308252588]; Meier, F. [omid:ra/06308252589]; Renker, D. [omid:ra/06308252590]; Rohe, T. [omid:ra/06308252591]; Sibille, J. [omid:ra/06308252592]; BÃ¤ni, L. [omid:ra/06308252593]; Bortignon, P. [orcid:0000-0002-5360-1454 omid:ra/0612011193879]; Buchmann, M.A. [omid:ra/06308252594]; Casal, B. [omid:ra/06308252595]; Chanon, N. [omid:ra/06308252596]; Deisher, A. [omid:ra/06308252597]; Dissertori, G. [omid:ra/06308252598]; Dittmar, M. [omid:ra/06308252599]; DonegÃ , M. [omid:ra/06308252600]; DÃ¼nser, M. [omid:ra/06308252601]; Eugster, J. [omid:ra/06308252602]; Freudenreich, K. [omid:ra/06308252603]; Grab, C. [omid:ra/06308252604]; Hits, D. [omid:ra/06308252605]; Lecomte, P. [omid:ra/06308252606]; Lustermann, W. [omid:ra/06308252607]; Marini, A.C. [omid:ra/06308252608]; Martinez Ruiz Del Arbol, P. [omid:ra/06308252609]; Mohr, N. [omid:ra/06308252610]; Moortgat, F. [omid:ra/06308252611]; NÃ¤geli, C. [omid:ra/06308252612]; Nef, P. [omid:ra/06308252613]; Nessi-Tedaldi, F. [omid:ra/06308252614]; Pandolfi, F. [omid:ra/06308252615]; Pape, L. [omid:ra/06308252616]; Pauss, F. [omid:ra/06308252617]; Peruzzi, M. [omid:ra/06308252618]; Ronga, F.J. [omid:ra/06308252619]; Rossini, M. [omid:ra/06308252620]; Sala, L. [omid:ra/06308252621]; Sanchez, A.K. [omid:ra/06308252622]; Starodumov, A. [omid:ra/06308252623]; Stieger, B. [omid:ra/06308252624]; Takahashi, M. [omid:ra/06308252625]; Tauscher, L. [omid:ra/06308252626]; Thea, A. [omid:ra/06308252627]; Theofilatos, K. [omid:ra/06308252628]; Treille, D. [omid:ra/06308252629]; Urscheler, C. [omid:ra/06308252630]; Wallny, R. [omid:ra/06308252631]; Weber, H.A. [omid:ra/06308252632]; Wehrli, L. [omid:ra/06308252633]; Amsler, C. [omid:ra/06308252634]; Chiochia, V. [omid:ra/06308252635]; De Visscher, S. [omid:ra/06308252636]; Favaro, C. [omid:ra/06308252637]; Ivova Rikova, M. [omid:ra/06308252638]; Millan Mejias, B. [omid:ra/06308252639]; Otiougova, P. [omid:ra/06308252640]; Robmann, P. [omid:ra/06308252641]; Snoek, H. [omid:ra/06308252642]; Tupputi, S. [omid:ra/06308252643]; Verzetti, M. [omid:ra/06308252644]; Bahinipati, S. [omid:ra/06308252645]; Chang, Y.H. [omid:ra/06308252646]; Chen, K.H. [omid:ra/06308252647]; Kuo, C.M. [omid:ra/06308252648]; Li, S.W. [omid:ra/06308252649]; Lin, W. [omid:ra/06308252650]; Liu, Z.K. [omid:ra/06308252651]; Lu, Y.J. [omid:ra/06308252652]; Mekterovic, D. [omid:ra/06308252653]; Singh, A.P. [omid:ra/06308252654]; Volpe, R. [orcid:0000-0003-1782-2978 omid:ra/0613010751549]; Yu, S.S. [omid:ra/06308252655]; Bartalini, P. [omid:ra/06308252656]; Chang, P. [omid:ra/06308252657]; Chang, Y.H. [omid:ra/06308252658]; Chang, Y.W. [omid:ra/06308252659]; Chao, Y. [omid:ra/06308252660]; Chen, K.F. [omid:ra/06308252661]; Dietz, C. [omid:ra/06308252662]; Grundler, U. [omid:ra/06308252663]; Hou, W.-S. [omid:ra/06308252664]; Hsiung, Y. B. [orcid:0000-0003-4801-1238 omid:ra/061010508958]; Kao, K.Y. [omid:ra/06308252665]; Lei, Y.J. [omid:ra/06308252666]; Lu, R.-S. [omid:ra/06308252667]; Majumder, D. [omid:ra/06308252668]; Petrakou, E. [omid:ra/06308252669]; Shi, X. [omid:ra/06308252670]; Shiu, J.G. [omid:ra/06308252671]; Tzeng, Y.M. [omid:ra/06308252672]; Wan, X. [omid:ra/06308252673]; Wang, M. [omid:ra/06308252674]; Asavapibhop, B. [omid:ra/06308252675]; Srimanobhas, N. [omid:ra/06308252676]; Adiguzel, A. [omid:ra/06308252677]; Bakirci, M.N. [omid:ra/06308252678]; Cerci, S. [omid:ra/06308252679]; Dozen, C. [omid:ra/06308252680]; Dumanoglu, I. [omid:ra/06308252681]; Eskut, E. [orcid:0000-0001-8328-3314 omid:ra/0611011420021]; Girgis, S. [omid:ra/06308252682]; Gokbulut, G. [omid:ra/06308252683]; Gurpinar, E. [omid:ra/06308252684]; Hos, I. [omid:ra/06308252685]; Kangal, E.E. [omid:ra/06308252686]; Karaman, T. [omid:ra/06308252687]; Karapinar, G. [omid:ra/06308252688]; Kayis Topaksu, A. [omid:ra/06308252689]; Onengut, G. [omid:ra/06308252690]; Ozdemir, K. [orcid:0000-0002-0103-1488 omid:ra/06011289413]; Ozturk, S. [omid:ra/06308252691]; Polatoz, A. [omid:ra/06308252692]; Sogut, K. [omid:ra/06308252693]; Sunar Cerci, D. [omid:ra/06308252694]; Tali, B. [omid:ra/06308252695]; Topakli, H. [omid:ra/06308252696]; Vergili, L.N. [omid:ra/06308252697]; Vergili, M. [omid:ra/06308252698]; Akin, I.V. [omid:ra/06308252699]; Aliev, T. [omid:ra/06308252700]; Bilin, B. [omid:ra/06308252701]; Bilmis, S. [omid:ra/06308252702]; Deniz, M. [orcid:0000-0002-9781-8241 omid:ra/0623010831783]; Gamsizkan, H. [omid:ra/06308252703]; Guler, A.M. [omid:ra/06308252704]; Ocalan, K. [orcid:0000-0002-8419-1400 omid:ra/0611011417480]; Ozpineci, A. [omid:ra/06308252705]; Serin, M. [omid:ra/06308252706]; Sever, R. [omid:ra/06308252707]; Surat, U.E. [omid:ra/06308252708]; Yalvac, M. [omid:ra/06308252709]; Yildirim, E. [omid:ra/06308252710]; Zeyrek, M. [omid:ra/06308252711]; GÃ¼lmez, E. [orcid:0000-0002-6353-518X omid:ra/06011289169]; Isildak, B. [omid:ra/06308252712]; Kaya, M. [omid:ra/06308252713]; Kaya, O. [omid:ra/06308252714]; Ozkorucuklu, S. [omid:ra/06308252715]; Sonmez, N. [omid:ra/06308252716]; Cankocak, K. [omid:ra/06308252717]; Levchuk, L. [omid:ra/06308252718]; Bostock, F. [omid:ra/06308252719]; Brooke, J.J. [omid:ra/06308252720]; Clement, E. [omid:ra/06308252721]; Cussans, D. [omid:ra/06308252722]; Flacher, H. [omid:ra/06308252723]; Frazier, R. [omid:ra/06308252724]; Goldstein, J. [omid:ra/06308252725]; Grimes, M. [omid:ra/06308252726]; Heath, G.P. [omid:ra/06308252727]; Heath, H.F. [omid:ra/06308252728]; Kreczko, L. [omid:ra/06308252729]; Metson, S. [omid:ra/06308252730]; Newbold, D.M. [omid:ra/06308252731]; Nirunpong, K. [omid:ra/06308252732]; Poll, A. [omid:ra/06308252733]; Senkin, S. [omid:ra/06308252734]; Smith, V.J. [omid:ra/06308252735]; Williams, T. [omid:ra/06308252736]; Basso, L. [omid:ra/06308252737]; Bell, K.W. [omid:ra/06308252738]; Belyaev, A. [omid:ra/06308252739]; Brew, C. [omid:ra/06308252740]; Brown, R.M. [omid:ra/06308252741]; Cockerill, D.J.A. [omid:ra/06308252742]; Coughlan, J.A. [omid:ra/06308252743]; Harder, K. [omid:ra/06308252744]; Harper, S. [omid:ra/06308252745]; Jackson, J. [omid:ra/06308252746]; Kennedy, B.W. [omid:ra/06308252747]; Olaiya, E. [omid:ra/06308252748]; Petyt, D. [omid:ra/06308252749]; Radburn-Smith, B.C. [omid:ra/06308252750]; Shepherd-Themistocleous, C.H. [omid:ra/06308252751]; Tomalin, I.R. [omid:ra/06308252752]; Womersley, W.J. [omid:ra/06308252753]; Bainbridge, R. [omid:ra/06308252754]; Ball, G. [omid:ra/06308252755]; Beuselinck, R. [omid:ra/06308252756]; Buchmuller, O. [omid:ra/06308252757]; Colling, D. [omid:ra/06308252758]; Cripps, N. [omid:ra/06308252759]; Cutajar, M. [omid:ra/06308252760]; Dauncey, P. [omid:ra/06308252761]; Davies, G. [omid:ra/06308252762]; Della Negra, M. [omid:ra/06308252763]; Ferguson, W. [omid:ra/06308252764]; Fulcher, J. [omid:ra/06308252765]; Futyan, D. [omid:ra/06308252766]; Gilbert, A. [omid:ra/06308252767]; Guneratne Bryer, A. [omid:ra/06308252768]; Hall, G. [omid:ra/06308252769]; Hatherell, Z. [omid:ra/06308252770]; Hays, J. [omid:ra/06308252771]; Iles, G. [omid:ra/06308252772]; Jarvis, M. [omid:ra/06308252773]; Karapostoli, G. [omid:ra/06308252774]; Lyons, L. [omid:ra/06308252775]; Magnan, A.-M. [omid:ra/06308252776]; Marrouche, J. [omid:ra/06308252777]; Mathias, B. [omid:ra/06308252778]; Nandi, R. [omid:ra/06308252779]; Nash, J. [omid:ra/06308252780]; Nikitenko, A. [omid:ra/06308252781]; Papageorgiou, A. [omid:ra/06308252782]; Pela, J. [omid:ra/06308252783]; Pesaresi, M. [orcid:0000-0002-9759-1083 omid:ra/0612011221307]; Petridis, K. [omid:ra/06308252784]; Pioppi, M. [omid:ra/06308252785]; Raymond, D.M. [omid:ra/06308252786]; Rogerson, S. [omid:ra/06308252787]; Rose, A. [omid:ra/06308252788]; Ryan, M.J. [omid:ra/06308252789]; Seez, C. [omid:ra/06308252790]; Sharp, P. [omid:ra/06308252791]; Sparrow, A. [omid:ra/06308252792]; Stoye, M. [omid:ra/06308252793]; Tapper, A. [orcid:0000-0003-4543-864X omid:ra/0612011194551]; Vazquez Acosta, M. [omid:ra/06308252794]; Virdee, T. [omid:ra/06308252795]; Wakefield, S. [omid:ra/06308252796]; Wardle, N. [orcid:0000-0003-1344-3356 omid:ra/0612011194557]; Whyntie, T. [omid:ra/06308252797]; Chadwick, M. [omid:ra/06308252798]; Cole, J. E. [orcid:0000-0001-5638-7599 omid:ra/0612011194561]; Hobson, P.R. [omid:ra/06308252799]; Khan, A. [omid:ra/06308252800]; Kyberd, P. [orcid:0000-0002-7353-7090 omid:ra/0612011194563]; Leggat, D. [omid:ra/06308252801]; Leslie, D. [omid:ra/06308252802]; Martin, W. [omid:ra/06308252803]; Reid, I.D. [omid:ra/06308252804]; Symonds, P. [omid:ra/06308252805]; Teodorescu, L. [omid:ra/06308252806]; Turner, M. [omid:ra/06308252807]; Hatakeyama, K. [omid:ra/06308252808]; Liu, H. [omid:ra/06308252809]; Scarborough, T. [omid:ra/06308252810]; Charaf, O. [omid:ra/06308252811]; Henderson, C. [omid:ra/06308252812]; Rumerio, P. [omid:ra/06308252813]; Avetisyan, A. [omid:ra/06308252814]; Bose, T. [omid:ra/06308252815]; Fantasia, C. [omid:ra/06308252816]; Heister, A. [omid:ra/06308252817]; St. John, J. [omid:ra/06308252818]; Lawson, P. [omid:ra/06308252819]; Lazic, D. [omid:ra/06308252820]; Rohlf, J. [omid:ra/06308252821]; Sperka, D. [omid:ra/06308252822]; Sulak, L. [omid:ra/06308252823]; Alimena, J. [omid:ra/06308252824]; Bhattacharya, S. [omid:ra/06308252825]; Cutts, D. [omid:ra/06308252826]; Ferapontov, A. [omid:ra/06308252827]; Heintz, U. [omid:ra/06308252828]; Jabeen, S. [omid:ra/06308252829]; Kukartsev, G. [omid:ra/06308252830]; Laird, E. [omid:ra/06308252831]; Landsberg, Greg [orcid:0000-0002-4184-9380 omid:ra/0612011194613]; Luk, M. [omid:ra/06308252832]; Narain, M. [omid:ra/06308252833]; Nguyen, D. [omid:ra/06308252834]; Segala, M. [omid:ra/06308252835]; Sinthuprasith, T. [omid:ra/06308252836]; Speer, T. [omid:ra/06308252837]; Tsang, K.V. [omid:ra/06308252838]; Breedon, R. [omid:ra/06308252839]; Breto, G. [omid:ra/06308252840]; Calderon De La Barca Sanchez, M. [omid:ra/06308252841]; Chauhan, S. [omid:ra/06308252842]; Chertok, M. [omid:ra/06308252843]; Conway, J. [omid:ra/06308252844]; Conway, R. [omid:ra/06308252845]; Cox, P.T. [omid:ra/06308252846]; Dolen, J. [omid:ra/06308252847]; Erbacher, R. [omid:ra/06308252848]; Gardner, M. [omid:ra/06308252849]; Houtz, R. [omid:ra/06308252850]; Cankocak, K. [orcid:0000-0002-3829-3481 omid:ra/0611011416252]; Kopecky, A. [omid:ra/06308252851]; Lander, R. [omid:ra/06308252852]; Mall, O. [omid:ra/06308252853]; Miceli, T. [omid:ra/06308252854]; Pellett, D. [omid:ra/06308252855]; Ricci-Tam, F. [orcid:0000-0001-9750-7702 omid:ra/061010611269]; Rutherford, B. [omid:ra/06308252856]; Searle, M. [omid:ra/06308252857]; Smith, J. [omid:ra/06308252858]; Squires, M. [omid:ra/06308252859]; Tripathi, M. [omid:ra/06308252860]; Vasquez Sierra, R. [omid:ra/06308252861]; Andreev, V. [omid:ra/06308252862]; Cline, D. [omid:ra/06308252863]; Cousins, R. [orcid:0000-0002-5963-0467 omid:ra/061010610932]; Duris, J. [omid:ra/06308252864]; Erhan, S. [omid:ra/06308252865]; Everaerts, P. [orcid:0000-0003-3848-324X omid:ra/06011289669]; Farrell, C. [omid:ra/06308252866]; Hauser, J. [omid:ra/06308252867]; Ignatenko, M. [omid:ra/06308252868]; Jarvis, C. [omid:ra/06308252869]; Plager, C. [omid:ra/06308252870]; Rakness, G. [omid:ra/06308252871]; Schlein, P. [omid:ra/06308252872]; Traczyk, P. [omid:ra/06308252873]; Valuev, V. [omid:ra/06308252874]; Weber, M. [omid:ra/06308252875]; Babb, J. [omid:ra/06308252876]; Clare, R. [omid:ra/06308252877]; Dinardo, M.E. [omid:ra/06308252878]; Ellison, J. [omid:ra/06308252879]; Gary, J.W. [omid:ra/06308252880]; Giordano, F. [omid:ra/06308252881]; Hanson, G. [omid:ra/06308252882]; Jeng, G.Y. [omid:ra/06308252883]; Liu, H. [omid:ra/06308252884]; Long, O.R. [omid:ra/06308252885]; Luthra, A. [omid:ra/06308252886]; Nguyen, H. [omid:ra/06308252887]; Paramesvaran, S. [omid:ra/06308252888]; Sturdy, J. [omid:ra/06308252889]; Sumowidagdo, S. [omid:ra/06308252890]; Wilken, R. [omid:ra/06308252891]; Wimpenny, S. [omid:ra/06308252892]; Andrews, W. [omid:ra/06308252893]; Branson, J.G. [omid:ra/06308252894]; Cerati, G.B. [omid:ra/06308252895]; Cittolin, S. [omid:ra/06308252896]; Evans, D. [omid:ra/06308252897]; Golf, F. [orcid:0000-0003-3567-9351 omid:ra/0612011195009]; Holzner, A. [omid:ra/06308252898]; Kelley, R. [omid:ra/06308252899]; Lebourgeois, M. [omid:ra/06308252900]; Letts, J. [omid:ra/06308252901]; Macneill, I. [omid:ra/06308252902]; Mangano, B. [omid:ra/06308252903]; Padhi, S. [omid:ra/06308252904]; Palmer, C. [omid:ra/06308252905]; Petrucciani, Giovanni [orcid:0000-0003-0889-4726 omid:ra/06011184123]; Pieri, M. [omid:ra/06308252906]; Sani, M. [omid:ra/06308252907]; Sharma, V. [omid:ra/06308252908]; Simon, S. [omid:ra/06308252909]; Sudano, E. [omid:ra/06308252910]; Tadel, M. [omid:ra/06308252911]; Tu, Y. [omid:ra/06308252912]; Vartak, A. [orcid:0000-0003-1507-1365 omid:ra/06011290827]; Wasserbaech, S. [omid:ra/06308252913]; WÃ¼rthwein, F. [omid:ra/06308252914]; Yagil, A. [omid:ra/06308252915]; Yoo, J. [omid:ra/06308252916]; Barge, D. [omid:ra/06308252917]; Bellan, R. [omid:ra/06308252918]; Campagnari, C. [omid:ra/06308252919]; DÊ¼Alfonso, M. [omid:ra/06308252920]; Danielson, T. [omid:ra/06308252921]; Flowers, K. [omid:ra/06308252922]; Geffert, P. [omid:ra/06308252923]; Incandela, J. [omid:ra/06308252924]; Justus, C. [omid:ra/06308252925]; Kalavase, P. [omid:ra/06308252926]; Koay, S.A. [omid:ra/06308252927]; Kovalskyi, D. [omid:ra/06308252928]; Krutelyov, V. [omid:ra/06308252929]; Lowette, S. [omid:ra/06308252930]; Mccoll, N. [omid:ra/06308252931]; Pavlunin, V. [omid:ra/06308252932]; Rebassoo, F. [omid:ra/06308252933]; Ribnik, J. [omid:ra/06308252934]; Richman, J. [omid:ra/06308252935]; Rossin, R. [omid:ra/06308252936]; Stuart, D. [omid:ra/06308252937]; To, W. [omid:ra/06308252938]; West, C. [omid:ra/06308252939]; Apresyan, A. [omid:ra/06308252940]; Bornheim, A. [omid:ra/06308252941]; Chen, Y. [omid:ra/06308252942]; Di Marco, E. [omid:ra/06308252943]; Campderros, J. Duarte [orcid:0000-0003-0687-5214 omid:ra/06107046784]; Gataullin, M. [omid:ra/06308252944]; Ma, Y. [omid:ra/06308252945]; Mott, A. [omid:ra/06308252946]; Newman, H.B. [omid:ra/06308252947]; Rogan, C. [omid:ra/06308252948]; Spiropulu, M. [omid:ra/06308252949]; Timciuc, V. [omid:ra/06308252950]; Veverka, J. [omid:ra/06308252951]; Wilkinson, R. [omid:ra/06308252952]; Xie, S. [omid:ra/06308252953]; Yang, Y. [omid:ra/06308252954]; Zhu, R.Y. [omid:ra/06308252955]; Akgun, B. [omid:ra/06308252956]; Azzolini, V. [omid:ra/06308252957]; Calamba, A. [omid:ra/06308252958]; Carroll, R. [omid:ra/06308252959]; Ferguson, T. [omid:ra/06308252960]; Iiyama, Y. [omid:ra/06308252961]; Jang, D.W. [omid:ra/06308252962]; Liu, Y.F. [omid:ra/06308252963]; Paulini, M. [omid:ra/06308252964]; Vogel, H. [orcid:0000-0002-6109-3023 omid:ra/0623010833362]; Vorobiev, I. [omid:ra/06308252965]; Cumalat, J.P. [omid:ra/06308252966]; Drell, B.R. [omid:ra/06308252967]; Ford, W.T. [omid:ra/06308252968]; Gaz, A. [omid:ra/06308252969]; Luiggi Lopez, E. [omid:ra/06308252970]; Smith, J.G. [omid:ra/06308252971]; Stenson, K. [omid:ra/06308252972]; Ulmer, K.A. [omid:ra/06308252973]; Wagner, S.R. [omid:ra/06308252974]; Alexander, J. [omid:ra/06308252975]; Chatterjee, A. [omid:ra/06308252976]; Eggert, N. [omid:ra/06308252977]; Gibbons, L.K. [omid:ra/06308252978]; Heltsley, B. [omid:ra/06308252979]; Khukhunaishvili, A. [omid:ra/06308252980]; Kreis, B. [omid:ra/06308252981]; Mirman, N. [omid:ra/06308252982]; Nicolas Kaufman, G. [omid:ra/06308252983]; Patterson, J.R. [omid:ra/06308252984]; Ryd, A. [omid:ra/06308252985]; Salvati, E. [omid:ra/06308252986]; Sun, W. [omid:ra/06308252987]; Teo, W.D. [omid:ra/06308252988]; Thom, J. [omid:ra/06308252989]; Thompson, J. [omid:ra/06308252990]; Tucker, J. [omid:ra/06308252991]; Vaughan, J. [omid:ra/06308252992]; Weng, Y. [omid:ra/06308252993]; Winstrom, L. [omid:ra/06308252994]; Wittich, P. [omid:ra/06308252995]; Winn, D. [omid:ra/06308252996]; Abdullin, S. [omid:ra/06308252997]; Albrow, M. [omid:ra/06308252998]; Anderson, J. [omid:ra/06308252999]; Bauerdick, L.A.T. [omid:ra/06308253000]; Beretvas, A. [omid:ra/06308253001]; Berryhill, J. [omid:ra/06308253002]; Bhat, P.C. [omid:ra/06308253003]; Bloch, I. [omid:ra/06308253004]; Burkett, K. [omid:ra/06308253005]; Butler, J.N. [omid:ra/06308253006]; Chetluru, V. [omid:ra/06308253007]; Cheung, H.W.K. [omid:ra/06308253008]; Chlebana, F. [omid:ra/06308253009]; Elvira, V.D. [omid:ra/06308253010]; Fisk, I. [omid:ra/06308253011]; Freeman, J. [omid:ra/06308253012]; Gao, Y. [omid:ra/06308253013]; Green, D. [omid:ra/06308253014]; Gutsche, O. [orcid:0000-0002-8015-9622 omid:ra/06011290689]; Hanlon, J. [omid:ra/06308253015]; Harris, R.M. [omid:ra/06308253016]; Hirschauer, J. [omid:ra/06308253017]; Hooberman, B. [omid:ra/06308253018]; Jindariani, S. [omid:ra/06308253019]; Johnson, M. [omid:ra/06308253020]; Joshi, U. [omid:ra/06308253021]; Kilminster, B. [omid:ra/06308253022]; Klima, B. [omid:ra/06308253023]; Kunori, S. [omid:ra/06308253024]; Kwan, S. [omid:ra/06308253025]; Leonidopoulos, C. [orcid:0000-0002-7241-2114 omid:ra/061010515478]; Linacre, J. [omid:ra/06308253026]; Lincoln, D. [omid:ra/06308253027]; Lipton, R. [omid:ra/06308253028]; Lykken, J. [omid:ra/06308253029]; Maeshima, K. [omid:ra/06308253030]; Marraffino, J.M. [omid:ra/06308253031]; Maruyama, S. [omid:ra/06308253032]; Mason, D. [omid:ra/06308253033]; McBride, P. [omid:ra/06308253034]; Mishra, K. [omid:ra/06308253035]; Mrenna, S. [orcid:0000-0001-8731-160X omid:ra/06011184580]; Musienko, Y. [omid:ra/06308253036]; Newman-Holmes, C. [omid:ra/06308253037]; OÊ¼Dell, V. [omid:ra/06308253038]; Prokofyev, O. [omid:ra/06308253039]; Sexton-Kennedy, E. [omid:ra/06308253040]; Sharma, S. [omid:ra/06308253041]; Spalding, W.J. [omid:ra/06308253042]; Spiegel, L. [omid:ra/06308253043]; Taylor, L. [orcid:0000-0002-6584-2538 omid:ra/0611011418003]; Tkaczyk, S. [omid:ra/06308253044]; Tran, N.V. [omid:ra/06308253045]; Uplegger, L. [omid:ra/06308253046]; Vaandering, E.W. [omid:ra/06308253047]; Vidal, R. [omid:ra/06308253048]; Whitmore, J. [omid:ra/06308253049]; Wu, W. [omid:ra/06308253050]; Yang, F. [omid:ra/06308253051]; Yumiceva, F. [omid:ra/06308253052]; Yun, J.C. [omid:ra/06308253053]; Acosta, D. [omid:ra/06308253054]; Avery, P. [omid:ra/06308253055]; Bourilkov, D. [omid:ra/06308253056]; Chen, M. [omid:ra/06308253057]; Cheng, T. [omid:ra/06308253058]; Das, S. [omid:ra/06308253059]; De Gruttola, M. [omid:ra/06308253060]; Di Giovanni, G.P. [omid:ra/06308253061]; Dobur, D. [omid:ra/06308253062]; Drozdetskiy, A. [omid:ra/06308253063]; Field, R.D. [omid:ra/06308253064]; Fisher, M. [omid:ra/06308253065]; Fu, Y. [omid:ra/06308253066]; Furic, I.K. [omid:ra/06308253067]; Gartner, J. [omid:ra/06308253068]; Hugon, J. [omid:ra/06308253069]; Kim, B. [omid:ra/06308253070]; Konigsberg, J. [omid:ra/06308253071]; Korytov, A. [omid:ra/06308253072]; Kropivnitskaya, A. [omid:ra/06308253073]; Kypreos, T. [omid:ra/06308253074]; Low, J.F. [omid:ra/06308253075]; Matchev, K. [omid:ra/06308253076]; Milenovic, P. [omid:ra/06308253077]; Mitselmakher, G. [omid:ra/06308253078]; Muniz, L. [omid:ra/06308253079]; Park, M. [omid:ra/06308253080]; Remington, R. [omid:ra/06308253081]; Rinkevicius, A. [orcid:0000-0002-7510-255X omid:ra/06011289171]; Sellers, P. [omid:ra/06308253082]; Skhirtladze, N. [omid:ra/06308253083]; Snowball, M. [omid:ra/06308253084]; Yelton, J. [omid:ra/06308253085]; Zakaria, M. [omid:ra/06308253086]; Gaultney, V. 